'	   2458
,	   8644
-	   2019
.	   8991
/	   4281
[	   8644
]	   8644
a	   1125
b	   2148
c	   1618
d	   2120
e	   1587
f	   2780
g	   1969
h	   1684
i	   1126
j	   2457
k	   1613
l	   2227
m	   1833
n	   1360
o	   1217
p	   2417
q	   2565
r	   1592
s	   1538
t	   1499
u	   1049
v	   3477
w	   1883
x	   2045
y	   1681
z	   2262
'--	   1397
'-a	   2061
'-b	   1631
'-c	   1891
'-d	   1633
'-f	   2156
'-g	   2132
'-h	   2116
'-i	   1864
'-j	   1691
'-k	   2239
'-l	   2582
'-m	   1450
'-n	    936
'-o	   1363
'-p	   1012
'-q	   3131
'-r	   1591
'-s	   1547
'-t	   1469
'-w	   2392
'-x	   2226
'-y	   1914
'-z	   1072
'a-	   1543
'aa	   4786
'ab	   2123
'ac	   1546
'ad	   1723
'ae	   3452
'af	   2817
'ag	   2202
'ah	   2688
'ai	    978
'aj	   2201
'ak	   1462
'al	   2062
'am	   1478
'an	    863
'ao	   2043
'ap	   1949
'aq	   2083
'ar	   1280
'as	   1254
'at	   1351
'au	   2488
'av	   2918
'aw	   2250
'ax	   1428
'ay	   2322
'az	   1908
'ba	    710
'bb	   5651
'be	   1165
'bi	   1026
'bo	    893
'bu	    534
'by	   1908
'ca	    841
'cc	   5261
'ce	    901
'ch	   1053
'ci	    750
'co	    753
'cu	   1486
'cy	   1717
'd'	   1926
'da	    581
'dd	   5729
'de	    847
'dh	   1946
'di	   3305
'do	    396
'du	   2537
'dw	   3201
'dy	   3748
'e-	   1953
'ea	   2298
'eb	   2107
'ec	   1994
'ed	   2038
'ef	   2677
'eg	   2669
'eh	   2207
'ei	    719
'ej	   3149
'ek	   1043
'el	   2244
'em	   2202
'en	    633
'eo	   4440
'ep	   2888
'eq	   2496
'er	   1638
'es	   1566
'et	   1577
'eu	   3938
'ev	   2622
'ew	   3451
'ex	   1223
'ey	   4374
'ez	   3041
'fa	   1240
'fe	   1652
'ff	   5491
'fi	   1468
'fo	   1152
'fu	    161
'fy	   2968
'ga	    646
'ge	   1307
'gg	   5828
'gi	   1315
'go	    918
'gu	    463
'gw	   4608
'gy	   1842
'ha	    764
'he	   1422
'hh	   6123
'hi	   1017
'ho	    546
'hu	    797
'hw	   1611
'hy	   2035
'i-	    767
'ia	   1283
'ib	   1533
'ic	   1484
'id	   2308
'ie	   2102
'if	   2134
'ig	   2102
'ih	   2094
'ii	   2568
'ij	   2640
'ik	   1572
'il	   2108
'im	   1767
'in	    967
'io	   1906
'ip	   2108
'iq	   2016
'ir	   1600
'is	   1165
'it	   1672
'iu	   2749
'iv	   2564
'iw	   2712
'ix	   1715
'iy	   2500
'iz	   2019
'ja	   1354
'je	   1959
'ji	    233
'jj	   5883
'jo	   1193
'ju	   1388
'jy	   1008
'ka	    839
'ke	   1134
'ki	    546
'kk	   5321
'ko	    760
'ku	   1481
'kw	   4629
'ky	   1128
'la	   2185
'li	   2373
'll	   2926
'lo	   2288
'lt	     24
'lu	   2514
'lw	   2772
'ly	   3038
'ma	    608
'me	    940
'mi	    894
'mo	    551
'mu	   1640
'my	   2097
'n'	   3715
'n-	   5362
'na	    816
'nb	   4767
'nc	   4759
'nd	   4319
'ne	   1155
'nf	   5331
'ng	   3937
'nh	   5190
'ni	    766
'nj	   4783
'nk	   4887
'nm	   5102
'nn	   3637
'no	    403
'np	   4517
'nq	   5422
'nr	   4887
'ns	   4195
'nt	   3902
'nu	   1981
'nw	   5822
'nx	   6631
'ny	   1922
'nz	   4813
'o-	   1173
'oa	   3080
'ob	   1890
'oc	   1550
'od	   2617
'oe	   4580
'of	   2186
'og	   2339
'oh	   2110
'oi	   2268
'oj	   3348
'ok	   1453
'ol	   3188
'om	   2488
'on	    707
'oo	   1005
'op	   2331
'oq	   2428
'or	   1580
'os	   2116
'ot	   1960
'ou	   1364
'ov	   4269
'ow	   1233
'ox	   1332
'oy	   1881
'oz	   2861
'pa	    662
'pe	   1261
'pi	    975
'po	    871
'pp	   4255
'pu	    578
'py	   1909
'qa	   3686
'qe	   3480
'qi	   3345
'qo	   3009
'qq	   4464
'qu	      2
'ra	   1111
're	   1208
'ri	    214
'ro	   1294
'rr	   5367
'ru	   1979
'ry	   1427
'sa	   1077
'se	    982
'sh	    690
'si	    833
'so	   1236
'ss	   5251
'su	    952
'sy	   1323
't'	   2218
'ta	    522
'te	    906
'th	   2261
'ti	   1126
'to	    651
'ts	   1872
'tt	   4334
'tu	   1777
'tw	   3428
'ty	   1713
'u-	    717
'ua	   1670
'ub	   1798
'uc	   1906
'ud	   1809
'ue	   1750
'uf	   2481
'ug	   1950
'uh	   2145
'ui	   1692
'uj	   2488
'uk	   1966
'ul	   1743
'um	   1601
'un	   1315
'uo	   2246
'up	   2167
'uq	   2719
'ur	    889
'us	   1415
'ut	   1872
'uu	   2936
'uv	   2592
'uw	   2100
'ux	   1620
'uy	   2459
'uz	   1828
'va	   1039
've	   1333
'vi	   1061
'vo	   1709
'vu	    291
'vy	   1175
'wa	    508
'we	   1959
'wh	    654
'wi	   1857
'wo	   1222
'wu	    720
'wy	   3919
'xa	   2374
'xi	   2562
'xn	    585
'xo	   2477
'xt	    213
'xu	   2702
'xw	   2961
'xx	   2509
'xy	   3226
'ya	    660
'ye	   3464
'yo	    423
'yu	    596
'z/	   2160
'za	   1111
'ze	   1208
'zi	    379
'zo	   1141
'zu	   1063
'zy	   1150
'zz	   6571
---	    107
--a	   3005
--b	   3701
--c	   2445
--g	   3352
--h	   3699
--i	   1839
--k	   2539
--l	   2427
--m	   2873
--n	   1201
--o	   3698
--p	   3107
--q	   2680
--r	   2490
--s	   2596
--t	   2291
--u	   3746
--v	   3699
--w	   4608
--x	   2091
--y	   3698
--z	   3329
-a-	    852
-aa	   2798
-ab	   2058
-ac	   1713
-ad	   1661
-ae	   3549
-af	   2399
-ag	   2173
-ah	   2404
-ai	    853
-aj	   2590
-ak	   1580
-al	   2929
-am	   1838
-an	    982
-ao	   2759
-ap	   1551
-aq	   2027
-ar	   1039
-as	   1601
-at	   1929
-au	   2329
-av	   2942
-aw	   2364
-ax	   2022
-ay	   3281
-az	   2374
-ba	    677
-bb	   4718
-be	   1123
-bi	    772
-bo	   1159
-bu	    575
-by	   2413
-ca	    928
-cc	   3805
-ce	   1437
-ch	    959
-ci	    811
-co	   1231
-cu	    615
-cy	   1363
-d'	   1614
-da	   1036
-dd	   4846
-de	    909
-dh	   1610
-di	   3485
-do	    232
-du	   3350
-dw	   3042
-dy	   4338
-e-	   1505
-ea	   2166
-eb	   1885
-ec	   1896
-ed	   2030
-ee	   4595
-ef	   1561
-eg	   2446
-eh	   1604
-ei	   1335
-ej	   2886
-ek	   1730
-el	   2206
-em	   1035
-en	    960
-eo	   3893
-ep	   2685
-eq	   2046
-er	   1051
-es	    813
-et	   2332
-eu	   4647
-ev	   2129
-ew	   3234
-ex	   1842
-ey	   4596
-ez	   2816
-fa	    926
-fe	    992
-fi	   1028
-fo	   1145
-fu	    374
-fy	   2763
-ga	    579
-ge	   1019
-gi	   1530
-go	   1031
-gu	    504
-gw	   4090
-gy	   2025
-ha	    652
-he	   1284
-hh	   4328
-hi	    924
-ho	    882
-hu	    659
-hw	   1503
-hy	   2476
-i-	   1099
-ia	   2092
-ib	   1746
-ic	   1645
-id	   2175
-ie	   2005
-if	   2680
-ig	   2506
-ih	   2481
-ii	   2494
-ij	   2694
-ik	   1988
-il	   2798
-im	   1936
-in	    574
-io	   2286
-ip	   2467
-iq	   2868
-ir	   1551
-is	   1606
-it	   1295
-iu	   2991
-iv	   2887
-iw	   2256
-ix	   1519
-iy	   1795
-iz	   1092
-ja	   1177
-je	   1465
-ji	    258
-jj	   4254
-jo	   1223
-ju	   1106
-jy	   1414
-ka	    886
-ke	   1064
-ki	    712
-kk	   3640
-ko	   1189
-ku	    572
-kw	   4062
-ky	   1412
-la	   1633
-le	   3125
-li	   1148
-lk	   2730
-ll	   3088
-lo	   2272
-lt	    176
-lu	   1429
-lw	   2948
-ly	   1268
-ma	    669
-me	   1063
-mi	   1238
-mm	   5207
-mo	   1380
-mu	    387
-my	   2294
-n'	   1390
-n-	   4452
-na	    741
-nb	   2214
-nc	   2332
-nd	   2421
-ne	   1175
-nf	   2698
-ng	   2530
-nh	   2304
-ni	    964
-nj	   3060
-nk	   2379
-nl	   4874
-nm	   2381
-nn	   1333
-no	    871
-np	   2327
-nq	   3419
-nr	   2191
-ns	   1965
-nt	   2218
-nu	   1581
-nv	   3777
-nw	   2867
-nx	   4831
-ny	   1748
-nz	   1834
-o-	    447
-oa	   2448
-ob	   1098
-oc	   2133
-od	   2273
-oe	   4254
-of	   2025
-og	   2707
-oh	   2189
-oi	   1977
-oj	   2650
-ok	   1953
-ol	   4061
-om	   2157
-on	   1145
-oo	   1518
-op	   1730
-oq	   2986
-or	   1317
-os	   1782
-ot	   2221
-ou	   2064
-ov	   3444
-ow	   2269
-ox	   2142
-oy	   2371
-oz	   2284
-pa	    620
-pe	   1510
-pi	   1261
-po	   1042
-pp	   3584
-pu	    394
-py	   3033
-qa	   3303
-qe	   3329
-qi	   2926
-qo	   2879
-qq	   3657
-qu	      4
-ra	   1006
-re	   1281
-ri	   1067
-ro	   1410
-rr	   4938
-ru	    249
-ry	   2766
-sa	   1091
-se	   1834
-sh	    927
-si	   1207
-so	   1581
-ss	   3777
-su	    375
-sy	   1144
-t'	   1678
-ta	    862
-te	   1309
-th	   1700
-ti	   1279
-to	    378
-ts	   1941
-tt	   3365
-tu	   1216
-tw	   3220
-ty	   1882
-u-	   1555
-ua	   3630
-ub	   2827
-uc	   2366
-ud	   1258
-ue	   1127
-uf	   3546
-ug	   3172
-uh	   3034
-ui	   1165
-uj	   3371
-uk	   2632
-ul	    728
-um	   2091
-un	   1723
-uo	   1959
-up	   3428
-uq	   3509
-ur	   1376
-us	   2041
-ut	   1958
-uu	   3799
-uw	   2697
-ux	    733
-uy	   3980
-uz	   2299
-va	    864
-ve	   1073
-vi	    944
-vo	   1447
-vu	    390
-vy	   1593
-wa	    403
-we	   1050
-wh	    899
-wi	   1072
-wo	   1789
-wu	   1063
-ww	   3406
-wy	   3699
-xa	   3100
-xe	   4592
-xi	   2616
-xk	   4198
-xn	     27
-xo	   3740
-xt	   1643
-xu	   2896
-xw	   4416
-xx	   4555
-xy	   2736
-ya	    484
-ye	   2364
-yo	    625
-yu	    561
-z/	   1879
-za	   1291
-ze	   1318
-zi	    704
-zo	   2231
-zu	    299
-zy	   1856
-zz	   4883
/a-	   1117
/aa	   3149
/ab	   2029
/ac	   1876
/ad	   1525
/af	   2016
/ag	   1907
/ah	   2326
/ai	   1163
/aj	   2429
/ak	   1706
/al	   3850
/am	   1602
/an	    814
/ao	   3149
/ap	   1830
/aq	   2102
/ar	   1010
/as	   1674
/at	   1533
/au	   1849
/av	   2716
/aw	   1892
/ax	   1865
/az	   1537
/ba	    669
/be	    980
/bi	    976
/bo	    956
/bu	    618
/by	   2019
/ca	    757
/ce	   1385
/ch	   1150
/ci	    859
/co	    705
/cu	   1003
/cy	   1410
/d'	   1299
/da	    825
/de	    643
/dh	   1210
/do	    530
/dw	   1894
/e-	   1411
/ea	   1637
/eb	   1965
/ec	   1758
/ed	   1676
/ef	   1915
/eg	   1985
/eh	   2072
/ei	   1510
/ej	   2361
/ek	   1728
/el	   1974
/em	   1276
/en	   1045
/eq	   1948
/er	    833
/es	   1063
/et	   2811
/ev	   1614
/ex	   1809
/ez	   1458
/fa	    740
/fe	   1068
/fi	   1142
/fo	    845
/fu	    524
/fy	   2004
/ga	    651
/ge	   1218
/gi	   1053
/go	   1088
/gu	    579
/gw	   2198
/gy	   1259
/ha	    603
/he	    945
/hi	   1230
/ho	   1009
/hu	    800
/hw	   1335
/hy	   1400
/i-	   1229
/ia	   2789
/ib	   1879
/ic	   2049
/ie	   2097
/if	   2885
/ig	   2101
/ih	   2273
/ij	   2493
/ik	   2101
/il	   2218
/im	   2074
/in	    383
/io	   2791
/iq	   2608
/ir	   1692
/is	   2035
/it	   1558
/iu	   2844
/iv	   1932
/iw	   2763
/ix	   1206
/iy	   1548
/iz	   1540
/ja	    806
/je	    992
/ji	    674
/jo	    806
/ju	   1157
/jy	   1124
/ka	    681
/ke	   1300
/ki	   1012
/ko	    628
/ku	    928
/kw	   3191
/ky	   1174
/ma	    451
/me	   1001
/mi	    833
/mo	    916
/mu	   1431
/my	   1462
/n'	   4015
/na	    571
/nd	   2938
/ne	    882
/ni	   1058
/nn	   4015
/no	    635
/nu	   1491
/ny	   1450
/o-	    862
/oa	   2491
/ob	    492
/oc	   2172
/od	   2463
/oe	   2837
/of	   1827
/og	   2454
/oh	   2091
/oi	   2100
/oj	   2689
/ok	   2368
/om	   2133
/on	    973
/op	   1940
/or	   1240
/os	   2364
/ot	   2728
/ou	   2544
/ow	   3484
/ox	   2118
/oy	   2837
/oz	   1580
/pa	    643
/pe	    950
/pi	    925
/po	    997
/pu	    645
/py	   2503
/qa	   2345
/qe	   2132
/qo	   2379
/qu	     16
/ra	    685
/re	    915
/ri	    778
/ro	    691
/ru	   1071
/ry	   2475
/sa	    834
/se	   1615
/sh	   1140
/si	   1090
/so	   1084
/su	    484
/sy	   1379
/t'	   1325
/ta	    985
/te	    748
/th	   1687
/ti	   1222
/to	    644
/ts	   1859
/tu	   1712
/tw	   1603
/ty	   1311
/u-	   1382
/uc	   2528
/ud	   1730
/ue	   1384
/ui	   1555
/uj	   2603
/ul	    649
/un	   1062
/uo	   2497
/ur	   1444
/us	   1966
/ut	   2427
/ux	    631
/uy	   2598
/uz	   2053
/va	    630
/ve	    950
/vi	    787
/vo	   1073
/vu	    827
/vy	   1476
/wa	    591
/we	   1179
/wh	    678
/wi	    926
/wo	   2900
/wu	    851
/xn	      0
/ya	    895
/ye	   1467
/yo	    475
/yu	    466
/za	    372
/ze	   1667
/zi	    595
/zo	   1635
/zu	   1866
/zy	   1044
^--	    531
^-b	   1454
^-c	   1427
^-d	   1656
^-g	   1453
^-h	   2003
^-j	   1829
^-k	   1402
^-m	   1657
^-n	   1657
^-q	   2556
^-r	   1199
^-s	   1068
^-t	   1511
^-z	   2271
^^,	   7258
^^-	   5601
^^.	   7604
^^[	   7604
^^]	   7604
^^a	   1496
^^b	   1688
^^c	   1188
^^d	   1787
^^e	   1981
^^f	   1952
^^g	   1780
^^h	   1279
^^i	   1691
^^j	   1980
^^k	   1221
^^l	   5114
^^m	   1302
^^n	   1473
^^o	   1628
^^p	   1886
^^q	   2478
^^r	   1585
^^s	   1128
^^t	   1231
^^u	   2114
^^v	   2811
^^w	   2106
^^x	   5046
^^y	   1693
^^z	   2052
^a-	   1616
^aa	   3502
^ab	   1713
^ac	   1514
^ad	   1734
^ae	   2925
^af	   2544
^ag	   2033
^ah	   2400
^ai	   1115
^aj	   2344
^ak	   1215
^al	   3083
^am	   1277
^an	   1091
^ao	   1580
^ap	   2003
^aq	   2209
^ar	    995
^as	   1239
^at	   1561
^au	   2406
^av	   2910
^aw	   2140
^ax	   2230
^ay	   1953
^az	   1896
^ba	    661
^bb	   5234
^be	    987
^bi	    858
^bo	   1011
^bu	    668
^by	   1942
^ca	    642
^cc	   5511
^ce	   1151
^ch	   1213
^ci	    773
^co	    785
^cu	   1254
^cy	   1712
^d'	   1602
^da	    508
^dd	   5828
^de	    675
^dh	   1535
^di	   2920
^do	    632
^du	   3129
^dw	   2750
^dy	   3715
^e-	   1777
^ea	   1689
^eb	   1578
^ec	   1673
^ed	   1495
^ee	   3407
^ef	   2219
^eg	   1856
^eh	   1759
^ei	   1167
^ej	   2827
^ek	   1517
^el	   2625
^em	   1444
^en	    805
^eo	   3373
^ep	   2219
^eq	   2148
^er	    950
^es	   1324
^et	   1638
^eu	   2884
^ev	   2269
^ew	   3576
^ex	   1910
^ey	   3592
^ez	   2231
^fa	   1055
^fe	   1414
^ff	   6010
^fi	   1415
^fo	   1400
^fu	    182
^fy	   2615
^ga	    687
^ge	    950
^gg	   5835
^gi	   1059
^go	    794
^gu	    758
^gw	   3804
^gy	   1460
^ha	    587
^he	   1471
^hh	   5878
^hi	    700
^ho	    799
^hu	    926
^hw	   2158
^hy	   1962
^i-	   1812
^ia	   2796
^ib	   1646
^ic	   1241
^id	   2057
^ie	   2194
^if	   3442
^ig	   1967
^ih	   2623
^ii	   1703
^ij	   2492
^ik	   1340
^il	   2359
^im	   1567
^in	    881
^io	   1980
^ip	   2359
^iq	   2571
^ir	   1478
^is	   1205
^it	    963
^iu	   3416
^iv	   2706
^iw	   1395
^ix	   1929
^iy	   2112
^iz	   1628
^ja	   1053
^je	   1248
^ji	    491
^jj	   5981
^jo	    819
^ju	   1021
^jy	   1159
^ka	    657
^ke	   1167
^ki	    633
^kk	   5218
^ko	    825
^ku	   1258
^kw	   4191
^ky	   1261
^la	    601
^le	   1160
^li	    960
^lk	   1653
^ll	   2285
^lo	   1142
^lt	   1751
^lu	   1450
^lw	   2029
^ly	    794
^ma	    527
^me	   1111
^mi	    590
^mm	   6313
^mo	    949
^mu	   1301
^my	   2190
^n'	   4607
^n-	   4544
^na	    477
^nb	   4765
^nc	   5293
^nd	   4674
^ne	   1187
^nf	   5809
^ng	   4390
^nh	   5328
^ni	    551
^nj	   4915
^nk	   5427
^nl	   5852
^nm	   4595
^nn	   4326
^no	   1026
^np	   5367
^nq	   6812
^nr	   6262
^ns	   5254
^nt	   5171
^nu	   1777
^nx	   5535
^ny	   1714
^nz	   5200
^o-	   1274
^oa	   3181
^ob	   1939
^oc	   1382
^od	   1914
^oe	   3278
^of	   2392
^og	   1729
^oh	   2120
^oi	   1900
^oj	   2875
^ok	   1315
^ol	   3372
^om	   1604
^on	   1322
^oo	    642
^op	   2262
^oq	   2309
^or	   1381
^os	   1516
^ot	   1522
^ou	   1583
^ov	   4075
^ow	   2013
^ox	   2570
^oy	   2121
^oz	   2199
^pa	    585
^pe	    985
^pi	    969
^po	    971
^pp	   3952
^pu	    693
^py	   2156
^qa	   2874
^qe	   3255
^qi	   2488
^qo	   2414
^qq	   5137
^qu	      9
^ra	    739
^re	    852
^ri	    681
^ro	    844
^ru	   1278
^ry	   1315
^sa	    629
^se	   1280
^sh	   1035
^si	    939
^so	   1243
^ss	   5150
^su	    768
^sy	   1394
^t'	   2376
^ta	    614
^te	   1106
^th	   2512
^ti	   1189
^to	    544
^ts	   1972
^tt	   4506
^tu	   1167
^tw	   2998
^ty	   1673
^u-	   2057
^ua	   3640
^ub	   2039
^uc	   1556
^ud	   1785
^ue	   1157
^uf	   3433
^ug	   2145
^uh	   2684
^ui	   1597
^uj	   2431
^uk	   1549
^ul	   1517
^um	   1215
^un	   1341
^uo	   1869
^up	   2997
^uq	   3421
^ur	   1024
^us	   1308
^ut	    944
^uu	   3685
^uv	   4125
^uw	   1995
^ux	   1490
^uy	   2838
^uz	   1885
^va	    678
^ve	   1081
^vi	    657
^vo	   1325
^vu	    751
^vy	   1359
^wa	    286
^we	   1567
^wh	    977
^wi	   1336
^wo	   2737
^wu	    870
^wy	   3185
^xa	    669
^xe	   1227
^xi	   1028
^xk	   1721
^xn	   1034
^xo	   1210
^xt	   1819
^xu	   1518
^xw	   2097
^xx	   2353
^xy	    862
^ya	    454
^ye	   2985
^yo	    569
^yu	    646
^z/	   5206
^z[	   5552
^z]	   5552
^za	    863
^ze	    685
^zh	   5552
^zi	    519
^zj	   5552
^zk	   5552
^zl	   5552
^zo	   1498
^zu	   1483
^zy	   1090
^zz	   5361
a--	   3240
a-a	   2383
a-b	   1328
a-c	   1385
a-d	   1215
a-e	   2603
a-f	   2031
a-g	   1768
a-h	   1864
a-i	   2505
a-j	   1917
a-k	   1422
a-l	   4135
a-m	   1345
a-n	   1283
a-o	   2582
a-p	   1890
a-q	   1915
a-r	   1051
a-s	   1224
a-t	   1044
a-u	   2805
a-v	   2651
a-w	   2446
a-x	   3059
a-y	   2735
a-z	   1430
aa-	   1845
aaa	   2498
aab	   2181
aac	   1609
aad	   2247
aae	   2860
aaf	   2837
aag	   2020
aah	   2749
aai	   1167
aaj	   2639
aak	    748
aal	   3157
aam	   1642
aan	   1219
aao	   1963
aap	   2234
aaq	   2566
aar	   1161
aas	   1304
aat	   1229
aau	   2767
aav	   3191
aaw	   2162
aax	   2301
aay	   1266
aaz	   1923
aba	    754
abb	   3061
abe	    970
abi	    933
abo	   1331
abu	    461
aby	   2220
aca	    710
acc	   1210
ace	   1510
ach	   1267
aci	    752
aco	   1247
acu	    772
acy	   1863
ad'	   1953
ada	    351
add	   1770
ade	   1042
adh	   1975
adi	   2610
ado	    709
adu	   1389
adw	   3027
ady	   3587
ae-	   2564
aea	   2493
aeb	   1539
aec	   1397
aed	   1414
aee	   2080
aef	   2796
aeg	   1974
aeh	   1997
aei	   1318
aej	   2774
aek	    936
ael	   2947
aem	   1460
aen	   1167
aeo	   2929
aep	   3144
aeq	   2845
aer	    871
aes	   1310
aet	   1495
aeu	   2927
aev	   3123
aew	   2707
aex	   2221
aey	   1589
aez	   2184
afa	   1288
afe	    805
aff	   1567
afi	   1152
afo	   1495
afu	    321
afy	   2607
aga	    387
age	   1158
agg	   2068
agi	   1006
ago	   1000
agu	    964
agw	   4696
agy	   2264
aha	    538
ahe	   1751
ahh	   1977
ahi	    619
aho	    956
ahu	    961
ahw	   1989
ahy	   2419
ai-	   3442
aia	   1919
aib	   1611
aic	   1176
aid	   1391
aie	   2116
aif	   2326
aig	   1266
aih	   1606
aii	   1887
aij	   1975
aik	   1288
ail	   3782
aim	   1662
ain	   1234
aio	   2194
aip	   2148
aiq	   2472
air	   1323
ais	   1091
ait	   1152
aiu	   2952
aiv	   3150
aiw	   2369
aix	   2529
aiy	   1800
aiz	   1683
aja	   1542
aje	   1935
aji	    203
ajj	   2333
ajo	   1138
aju	   1154
ajy	   1433
aka	    787
ake	    853
aki	    680
akk	   1237
ako	   1320
aku	    864
akw	   5485
aky	   1905
ala	   2437
ale	   4559
ali	   3531
alk	   5157
all	   4744
alo	   4014
alt	      7
alu	   2557
alw	   5239
aly	   3908
ama	    384
ame	   1234
ami	    693
amm	   4619
amo	   1249
amu	   1078
amy	   2768
an'	    965
an-	   5031
ana	   1046
anb	   1928
anc	   1709
and	   1474
ane	   1594
anf	   2894
ang	   1849
anh	   2246
ani	   1377
anj	   2152
ank	   1700
anl	   5369
anm	   2217
ann	    900
ano	   1203
anp	   1897
anq	   2855
anr	   2151
ans	   1530
ant	   1539
anu	   2439
anv	   3637
anw	   3042
anx	   5162
any	   2412
anz	   2046
ao-	   1990
aoa	   2696
aob	   1907
aoc	    984
aod	   2294
aoe	   2656
aof	   2882
aog	   2127
aoh	   2146
aoi	   1574
aoj	   2582
aok	    883
aol	   3643
aom	   1278
aon	   1215
aoo	   1662
aop	   2540
aoq	   2839
aor	   1127
aos	   1312
aot	   1510
aou	   1810
aov	   4590
aow	   2112
aox	   2206
aoy	   1564
aoz	   2125
apa	    651
ape	   1581
api	   1210
apo	   1160
app	    566
apu	    878
apy	   2770
aqa	   4559
aqe	   5258
aqi	   3862
aqo	   4491
aqq	   1285
aqu	     40
ara	    666
are	   1111
ari	    752
aro	   1287
arr	   3312
aru	    585
ary	   1985
asa	    748
ase	   1480
ash	    979
asi	    748
aso	   1565
ass	   1695
asu	    693
asy	   1710
at'	   2562
ata	    719
ate	   1252
ath	   2630
ati	    950
ato	    914
ats	   1326
att	   1424
atu	    792
atw	   3516
aty	   1817
au-	   2689
aua	   2430
aub	   2397
auc	   1982
aud	   1553
aue	   1976
auf	   2935
aug	   2393
auh	   2644
aui	   2321
auj	   2368
auk	   2330
aul	   2327
aum	   1724
aun	    607
auo	   2673
aup	   2798
auq	   3705
aur	   1177
aus	    795
aut	   1039
auu	   3381
auv	   3806
auw	   2726
aux	   1558
auy	   3143
auz	   1759
ava	    780
ave	   1059
avi	    783
avo	   1475
avu	    521
avv	   3846
avy	   1438
awa	     66
awe	   2741
awh	   1620
awi	   2975
awo	   1884
awu	   1451
aww	   4669
awy	   4028
axa	   2774
axe	   4896
axi	   3868
axk	   5494
axn	    330
axo	   4351
axt	    371
axu	   2894
axw	   5576
axx	   4954
axy	   4245
aya	    242
aye	   3616
ayo	    871
ayu	    783
ayy	   4745
az/	   1979
aza	    639
aze	   1337
azi	    621
azo	   1433
azu	    678
azy	   1825
azz	   2677
ba-	    980
baa	   2811
bab	   2162
bac	   1376
bad	   2169
bae	   2634
baf	   2922
bag	   1965
bah	   2289
bai	   1278
baj	   2615
bak	   1459
bal	   2389
bam	   2040
ban	    958
bao	   2922
bap	   3031
baq	   2163
bar	    931
bas	   1134
bat	   1354
bau	   2548
bav	   4076
baw	   2810
bax	   1859
bay	   1703
baz	   2448
bba	    591
bbe	   1108
bbi	    915
bbo	   1344
bbu	    529
bby	   2312
be-	   1340
bea	   1993
beb	   2042
bec	   1516
bed	   2110
bee	   2136
bef	   3094
beg	   2233
beh	   2227
bei	   1407
bej	   2532
bek	   1733
bel	   2205
bem	   2127
ben	    963
beo	   2393
bep	   2676
beq	   2681
ber	    768
bes	   1281
bet	    906
beu	   3360
bev	   3892
bew	   3417
bex	   1824
bey	   2046
bez	   2510
bi-	   1029
bia	   1749
bib	   2090
bic	   1570
bid	   1805
bie	   2261
bif	   2996
big	   1805
bih	   2155
bii	   2552
bij	   1454
bik	   1501
bil	   1479
bim	   2356
bin	   1119
bio	   2252
bip	   3045
biq	   2444
bir	   1196
bis	   1185
bit	   1383
biu	   2898
biv	   3965
biw	   2291
bix	   1408
biy	   1607
biz	   1572
bo-	   1017
boa	   2512
bob	   2108
boc	   1451
bod	   1787
boe	   2693
bof	   3233
bog	   2417
boh	   2516
boi	   2029
boj	   2740
bok	   1540
bol	   2531
bom	   2122
bon	   1189
boo	   3529
bop	   3041
boq	   1847
bor	   1092
bos	   1471
bot	   1405
bou	    865
bov	   3622
bow	   1112
box	   2110
boy	   2559
boz	   2762
bu-	   1925
bua	   2509
bub	   2306
buc	   1443
bud	   2073
bue	   2592
buf	   2419
bug	   2341
buh	   2022
bui	   2272
buj	   2546
buk	   1580
bul	   2362
bum	   2118
bun	   1019
buo	   2615
bup	   2680
buq	   2514
bur	    488
bus	   1318
but	   1083
buu	   3075
buv	   3862
buw	   2882
bux	   1748
buy	   2178
buz	   2299
bya	   1421
bye	   2934
byi	   1723
byo	    274
byu	    555
ca-	   1750
caa	   2991
cab	   1838
cac	   1471
cad	   2048
cae	   2181
caf	   2348
cag	   1637
cah	   2013
cai	    973
caj	   2461
cak	   1548
cal	   2776
cam	   1367
can	    870
cao	   2372
cap	   2538
caq	   2293
car	   1321
cas	   1407
cat	   1396
cau	   2799
cav	   3670
caw	   1460
cax	   1714
cay	   1943
caz	   1797
cca	   1121
ccc	   5229
cce	   1607
cch	   1527
cci	   1383
cco	    498
ccu	    519
ccy	   1927
ce-	   2283
cea	   3129
ceb	   2338
cec	   2017
ced	   2562
cee	   3534
cef	   3031
ceg	   2429
ceh	   2745
cei	    603
cej	   3451
cek	   1361
cel	   2369
cem	   2225
cen	    575
ceo	   3058
cep	   2824
ceq	   3076
cer	   1469
ces	   1965
cet	   1338
ceu	   3516
cev	   3640
cew	   3395
cex	   1307
cey	   2309
cez	   3044
cha	   1415
che	   1947
chi	    181
cho	    995
chu	   1212
ci-	   1894
cia	   2242
cib	   2061
cic	   1541
cid	   2042
cie	   2364
cif	   2920
cig	   1901
cih	   1994
cii	   2302
cij	   2516
cik	   1368
cil	    979
cim	   1244
cin	   1001
cio	   2124
cip	   2923
ciq	   2902
cir	   1094
cis	   1683
cit	   1476
ciu	   3021
civ	   4132
ciw	   2551
cix	    997
ciy	   2177
ciz	   2006
co-	   1793
coa	   2847
cob	   2195
coc	   1527
cod	   2295
coe	   3076
cof	   2965
cog	   2366
coh	   2166
coi	   2300
coj	   2840
cok	   1739
col	   2858
com	   1602
con	   1405
coo	   2874
cop	   2746
coq	   1989
cor	   1656
cos	   1947
cot	   1725
cou	    633
cov	   3525
cow	    592
cox	   2319
coy	   2517
coz	   2622
cu-	   2343
cua	   2298
cub	   1558
cuc	   1223
cud	   1779
cue	   1837
cuf	   2400
cug	   1823
cuh	   1745
cui	   1719
cuj	   1934
cuk	   1548
cul	   2828
cum	   1443
cun	   1551
cuo	   2019
cup	   2584
cuq	   3207
cur	    814
cus	    894
cut	   1337
cuu	   2239
cuv	   3620
cuw	   2008
cux	   2691
cuy	   2125
cuz	   1883
cya	    818
cye	   1349
cyi	   3118
cyo	    402
cyu	    620
d'i	     53
d'u	   1249
d'y	   1960
da-	   1365
daa	   2494
dab	   2088
dac	   1501
dad	   2489
dae	   2689
daf	   2979
dag	   2264
dah	   2085
dai	    507
daj	   2675
dak	   1546
dal	   2878
dam	   1460
dan	   1007
dao	   2603
dap	   2929
daq	   2688
dar	   1608
das	   1459
dat	   1487
dau	   2350
dav	   3226
daw	   2412
dax	   1937
day	   2007
daz	   2744
dd'	   2288
dda	   1861
dde	   2228
ddh	   2322
ddi	   2077
ddo	     39
ddu	   2912
ddw	   3614
ddy	   4759
de-	   1467
dea	   2119
deb	   1884
dec	   1849
ded	   2282
dee	   3434
def	   2763
deg	   2304
deh	   2178
dei	   1503
dej	   2242
dek	   1661
del	   1293
dem	   1650
den	    665
deo	   1942
dep	   2421
deq	   2953
der	   1189
des	   1501
det	   1992
deu	   3109
dev	   2388
dew	   2816
dex	   1071
dey	   2266
dez	   1616
dha	   4267
dhe	   2863
dhi	     68
dho	   4294
dhu	   1045
di-	   1949
dia	   1786
dib	   1974
dic	   1047
did	   1919
die	   2044
dif	   2340
dig	   1735
dih	   1966
dii	   2175
dij	   2489
dik	   1053
dil	   1958
dim	   1174
din	   1327
dio	   1569
dip	   2683
diq	   2540
dir	   1530
dis	   1199
dit	   1628
diu	   2381
div	   3573
diw	   2000
dix	   1877
diy	   1229
diz	   2033
do-	   1898
doa	   2060
dob	   1723
doc	   1538
dod	   2159
doe	   2536
dof	   2342
dog	   1882
doh	   1939
doi	   2209
doj	   2532
dok	   1543
dol	   2713
dom	   1561
don	   1517
doo	   2029
dop	   2141
doq	   2329
dor	    890
dos	   1557
dot	   1883
dou	    813
dov	   2805
dow	    935
dox	   2485
doy	   2578
doz	   2481
du-	   3647
dua	   3048
dub	   2592
duc	    919
dud	   2838
due	   2430
duf	   3939
dug	   2008
duh	   2200
dui	   2409
duj	   2944
duk	    496
dul	   3798
dum	   1026
dun	   1869
duo	   2639
dup	   3689
duq	   1913
dur	   1162
dus	   1677
dut	   1458
duu	   2837
duv	   4466
duw	   2601
dux	   3765
duy	   1755
duz	   2906
dwa	   2893
dwe	   3248
dwi	   2414
dwo	   1988
dwu	     15
dya	    189
dye	   1717
dyi	   1998
dyo	    963
dyu	   1064
e--	   3463
e-a	   2656
e-b	   1508
e-c	   1515
e-d	   1580
e-e	   2844
e-f	   2798
e-g	   2374
e-h	   2589
e-i	   2954
e-j	   1435
e-k	   1577
e-l	   3994
e-m	   1317
e-n	   1348
e-o	   3025
e-p	   1802
e-q	   2665
e-r	   1075
e-s	    759
e-t	   1000
e-u	   3595
e-v	   2524
e-w	   3218
e-x	   2605
e-y	   2669
e-z	   1345
ea-	    942
eaa	   2223
eab	   1778
eac	   1634
ead	   1973
eae	   1978
eaf	   2285
eag	   1429
eah	   1868
eai	   1377
eaj	   2565
eak	   1270
eal	   2892
eam	   1613
ean	   1441
eao	   2302
eap	   1799
eaq	   2628
ear	    919
eas	   1370
eat	   1438
eau	   2291
eav	   3296
eaw	   1716
eax	   2518
eay	   2273
eaz	   2317
eba	    692
ebb	   2737
ebe	   1279
ebi	    588
ebo	   1134
ebu	    738
eby	   1786
eca	    975
ecc	    988
ece	   1646
ech	   1246
eci	    818
eco	    819
ecu	    869
ecy	   1674
ed'	   1228
eda	    580
edd	    963
ede	    882
edh	   1229
edi	   2723
edo	    920
edu	   1720
edw	   2839
edy	   3657
ee-	   2145
eea	   2178
eeb	   1760
eec	   1764
eed	   1749
eee	   2197
eef	   2479
eeg	   2461
eeh	   2255
eei	   1173
eej	   2675
eek	    506
eel	   2815
eem	   1603
een	   1258
eeo	   2995
eep	   2337
eeq	   2417
eer	   1324
ees	   1126
eet	   1801
eeu	   3147
eev	   3083
eew	   2997
eex	   2316
eey	   2268
eez	   2380
efa	   1022
efe	   1443
eff	   2514
efi	   1353
efo	   1488
efu	    186
efy	   2967
ega	    369
ege	   1690
egg	   1707
egi	   1239
ego	   1138
egu	    690
egw	   4125
egy	   2004
eha	    608
ehe	   1781
ehh	   2870
ehi	    626
eho	   1179
ehu	    668
ehw	   1934
ehy	   2386
ei-	   3377
eia	   2179
eib	   1578
eic	   1062
eid	   1623
eie	   2112
eif	   2470
eig	   1531
eih	   1559
eii	   2134
eij	   1630
eik	   1087
eil	   4192
eim	   1752
ein	   1401
eio	   2402
eip	   2372
eiq	   2518
eir	   1400
eis	    957
eit	   1244
eiu	   2938
eiv	   2630
eiw	   2254
eix	   2796
eiy	   1843
eiz	   1465
eja	   1211
eje	   1660
eji	    268
ejj	   1174
ejo	   1452
eju	   1190
ejy	   1520
eka	   1306
eke	   1434
eki	    269
ekk	   1302
eko	   1146
eku	   1188
ekw	   4945
eky	   1971
ela	   3901
ele	   2568
eli	    592
elk	   5394
ell	   3736
elo	   4628
elt	    395
elu	   3227
ely	    729
ema	    769
eme	   1339
emi	    719
emm	   3994
emo	    789
emu	    659
emy	   2553
en'	    777
en-	   5205
ena	   1810
enb	   2054
enc	   1513
end	   1832
ene	   2076
enf	   3184
eng	   1870
enh	   2325
eni	   1753
enj	   1890
enk	   1582
enl	   5667
enm	   1945
enn	    749
eno	   1602
enp	   2271
enq	   3462
enr	   1505
ens	   1413
ent	   1298
enu	   2375
env	   4160
enw	   2964
enx	   5390
eny	   2306
enz	   1836
eo-	   1703
eoa	   2323
eob	   1897
eoc	   1274
eod	   1600
eoe	   2477
eof	   2216
eog	   2131
eoh	   2090
eoi	   1860
eoj	   2449
eok	   1250
eol	   3686
eom	   1616
eon	    802
eoo	   1606
eop	   1561
eoq	   2519
eor	   1118
eos	   1395
eot	   1221
eou	   2130
eov	   2924
eow	   2442
eox	   1878
eoy	   2249
eoz	   2376
epa	    884
epe	   1375
epi	   1127
epo	    909
epp	    666
epu	    735
epy	   2648
eqa	   3853
eqi	   3100
eqo	   4001
eqq	    687
equ	    147
era	   1110
ere	   1061
eri	    864
ero	   1194
err	   2423
eru	    402
ery	   1526
esa	   1210
ese	   1928
esh	   1276
esi	   1122
eso	   1776
ess	   1283
esu	    279
esy	   1764
et'	   2321
eta	   1122
ete	   1529
eth	   2334
eti	   1585
eto	   1177
ets	   1037
ett	    669
etu	    622
etw	   3946
ety	   2095
eu-	   2721
eua	   3024
eub	   2644
euc	   1346
eud	   1846
eue	   1845
euf	   2810
eug	   2158
euh	   2633
eui	   2226
euj	   2112
euk	   1977
eul	   1858
eum	   1373
eun	   1478
euo	   2190
eup	   2802
euq	   3072
eur	    999
eus	    925
eut	    601
euu	   3869
euv	   3163
euw	   3394
eux	   1794
euy	   2729
euz	   2060
eva	    770
eve	   1383
evi	    666
evo	   1401
evu	    549
evy	   1360
ewa	    480
ewe	   2220
ewh	   1306
ewi	   2153
ewo	    459
ewu	   1083
eww	   3564
ewy	   2716
exa	   4509
exe	   3179
exi	   1219
exk	   6002
exn	    166
exo	   5236
ext	   1038
exu	   3835
exx	   4303
exy	   1346
eya	    624
eye	   3656
eyo	    246
eyu	   1144
eyy	   5200
ez/	   2019
eza	    535
eze	   1467
ezi	    628
ezo	   1162
ezu	   1028
ezy	   1858
ezz	   1477
fa-	    871
faa	   3107
fab	   1834
fac	   1898
fad	   2620
fae	   2425
faf	   3326
fag	   3000
fah	   2929
fai	    745
faj	   2818
fak	   1996
fal	   2198
fam	   1344
fan	    778
fao	   3328
fap	   3021
faq	   2110
far	   1316
fas	   1436
fat	   2072
fau	   2290
fav	   3226
faw	   2867
fax	   1701
fay	   3467
faz	   2615
fe-	   1581
fea	   1230
feb	   2122
fec	   1805
fed	   1656
fee	   2955
fef	   2847
feg	   2545
feh	   2619
fei	   1022
fej	   2955
fek	   1857
fel	   2885
fem	   1830
fen	   1032
feo	   2404
fep	   2480
feq	   2039
fer	    690
fes	   1137
fet	   1568
feu	   3066
fev	   3137
few	   3141
fex	   2301
fey	   3333
fez	   2008
ffa	    891
ffe	    914
ffi	   1007
ffo	   1609
ffu	    348
ffy	   3797
fi-	    801
fia	   1580
fib	   2666
fic	   1659
fid	   2318
fie	   2449
fif	   2741
fig	   1745
fih	   2745
fii	   3216
fij	   2722
fik	   1816
fil	   2002
fim	   2736
fin	   1051
fio	   2127
fip	   3402
fiq	   1984
fir	    826
fis	    955
fit	   1357
fiu	   3294
fiv	   4440
fiw	   3938
fix	   1826
fiy	   2565
fiz	   2360
fo-	    407
foa	   2140
fob	   2550
foc	   2229
fod	   3129
foe	   3394
fof	   3228
fog	   2311
foh	   3673
foi	   2424
foj	   3557
fok	   2287
fol	   3015
fom	   1857
fon	    873
foo	   3987
fop	   3223
foq	   2533
for	    939
fos	   1873
fot	   1274
fou	   3313
fov	   3770
fow	   2536
fox	   1991
foy	   4613
foz	   3293
fu-	   2143
fua	   2719
fub	   2580
fuc	   1146
fud	   2124
fue	   2460
fuf	   3063
fug	   2371
fuh	   2543
fui	   2672
fuj	   1648
fuk	   1238
ful	   1188
fum	   1804
fun	   1573
fuo	   2931
fup	   2900
fuq	   1627
fur	    784
fus	   1648
fut	   1325
fuu	   1972
fuv	   3820
fuw	   2174
fux	   1200
fuy	   2440
fuz	   1436
fya	   1624
fyo	   1402
fyu	     52
ga-	   1757
gaa	   3096
gab	   2734
gac	   1012
gad	   2695
gae	   2558
gaf	   3508
gag	   2975
gah	   2296
gai	   1402
gaj	   2994
gak	   1122
gal	   1001
gam	   1735
gan	   1463
gao	   2067
gap	   3212
gaq	   1604
gar	   1648
gas	   1399
gat	   1506
gau	   3080
gav	   3960
gaw	   1368
gax	   1008
gay	   2261
gaz	   2867
ge-	   1301
gea	   2665
geb	   2459
gec	   1888
ged	   2378
gee	   2900
gef	   3401
geg	   2568
geh	   2201
gei	   1258
gej	   2806
gek	   1261
gel	   2548
gem	   2009
gen	    505
geo	   2041
gep	   3059
geq	   3462
ger	   1233
ges	   1736
get	   1318
geu	   3155
gev	   4117
gew	   2949
gex	   1356
gey	   1890
gez	   2539
gga	   1705
gge	   2242
ggi	   2310
ggo	   2414
ggu	     32
ggy	   3268
gi-	   1932
gia	   2055
gib	   2261
gic	   1498
gid	   2160
gie	   2693
gif	   1964
gig	   2094
gih	   1768
gii	   2180
gij	   1519
gik	   1465
gil	    917
gim	   1750
gin	   1067
gio	   2326
gip	   3327
giq	   2903
gir	   1392
gis	   1449
git	   1523
giu	   2679
giv	   3801
giw	   2251
gix	    957
giy	   1917
giz	   1684
go-	   1487
goa	   2849
gob	   2219
goc	   1234
god	   2127
goe	   2060
gof	   2852
gog	   1938
goh	   2036
goi	   2212
goj	   2107
gok	   1302
gol	   3201
gom	   1658
gon	   1352
goo	   2374
gop	   3006
goq	   1945
gor	   1198
gos	   1326
got	   1499
gou	    946
gov	   3642
gow	   1056
gox	   2448
goy	   1700
goz	   2049
gu-	   2274
gua	   2198
gub	   1924
guc	   1507
gud	   1939
gue	   2461
guf	   2411
gug	   2379
guh	   2022
gui	   2246
guj	   2397
guk	   1981
gul	   2972
gum	   1500
gun	    948
guo	   2486
gup	   2109
guq	   3032
gur	    550
gus	   1283
gut	   1250
guu	   1985
guv	   3300
guw	   1981
gux	   1786
guy	   2926
guz	   2006
gwa	      0
gya	    962
gye	   3747
gyi	   2984
gyo	    129
gyu	   1266
ha-	   1495
haa	   3097
hab	   2110
hac	   1284
had	   2192
hae	   2928
haf	   3277
hag	   1931
hah	   2487
hai	   1328
haj	   2479
hak	   1554
hal	   2375
ham	   1327
han	    879
hao	   2862
hap	   2248
haq	   2030
har	    917
has	   1520
hat	   1159
hau	   1867
hav	   3847
haw	   2202
hax	   1880
hay	   1819
haz	   2094
he-	   1842
hea	   1320
heb	   1755
hec	   2080
hed	   1567
hee	   2751
hef	   2906
heg	   2624
heh	   2628
hei	    663
hej	   2638
hek	   1677
hel	   2454
hem	   2188
hen	    793
heo	   3731
hep	   2596
heq	   2802
her	    959
hes	   1844
het	   1962
heu	   3630
hev	   2445
hew	   3646
hex	   1605
hey	   2380
hez	   2391
hha	    603
hhe	   1693
hhh	   4055
hhi	    786
hho	   1097
hhu	    609
hhw	   1670
hhy	   2037
hi-	   1762
hia	   2310
hib	   1987
hic	   1548
hid	   1905
hie	   2352
hif	   2846
hig	   1447
hih	   2132
hii	   2581
hij	   2447
hik	   1397
hil	    915
him	   1561
hin	   1238
hio	   2443
hip	   2792
hiq	   2726
hir	    981
his	   1578
hit	   1561
hiu	   3190
hiv	   3661
hiw	   2735
hix	    919
hiy	   2325
hiz	   2172
ho-	   1498
hoa	   2877
hob	   2684
hoc	   1645
hod	   2631
hoe	   3063
hof	   3504
hog	   2561
hoh	   2797
hoi	   2478
hoj	   3040
hok	   1544
hol	   2006
hom	   2576
hon	    873
hoo	   3209
hop	   2262
hoq	   2119
hor	   1691
hos	   1797
hot	   1357
hou	    662
hov	   4228
how	    895
hox	   1627
hoy	   2980
hoz	   2615
hu-	   2325
hua	   2548
hub	   1909
huc	   1179
hud	   1878
hue	   2051
huf	   2818
hug	   1031
huh	   1774
hui	   1900
huj	   1749
huk	   1175
hul	   1794
hum	   1863
hun	   1589
huo	   2210
hup	   2933
huq	   2199
hur	   1250
hus	   1233
hut	   1208
huu	   1686
huv	   3717
huw	   1799
hux	   1738
huy	   2184
huz	   1630
hwa	    504
hwe	    850
hwi	    731
hwo	    782
hwy	   2216
hya	    752
hye	   2366
hyi	   2842
hyo	    237
hyu	    971
i--	   3666
i-a	   1946
i-b	   1461
i-c	   1505
i-d	   1499
i-e	   1815
i-f	   2071
i-g	   1785
i-h	   1780
i-i	   2509
i-j	   2026
i-k	   1564
i-l	   4465
i-m	   1336
i-n	   1010
i-o	   2248
i-p	   1672
i-q	   2074
i-r	   1173
i-s	   1241
i-t	   1122
i-u	   2699
i-v	   2297
i-w	   2242
i-x	   2471
i-y	   2477
i-z	   1326
ia-	   1428
iaa	   2538
iab	   2017
iac	   1796
iad	   2122
iae	   2181
iaf	   2497
iag	   1387
iah	   2202
iai	   1042
iaj	   2586
iak	   1323
ial	   2979
iam	   1266
ian	    887
iao	   2143
iap	   2123
iaq	   2678
iar	   1191
ias	   1401
iat	   1460
iau	   2525
iav	   3184
iaw	   1685
iax	   1949
iay	   2066
iaz	   2216
iba	    481
ibb	   3687
ibe	   1278
ibi	    924
ibo	   1129
ibu	    675
iby	   1980
ica	    758
icc	   1478
ice	   1319
ich	    998
ici	    723
ico	    887
icu	   1233
icy	   1722
id'	   2321
ida	    520
idd	   1742
ide	    938
idh	   2333
idi	   2664
ido	    489
idu	   1392
idw	   3480
idy	   3623
ie-	   1456
iea	   2743
ieb	   2278
iec	   1976
ied	   1869
iee	   3401
ief	   2402
ieg	   2440
ieh	   2164
iei	    984
iej	   2893
iek	   1077
iel	   2565
iem	   1698
ien	    665
ieo	   3068
iep	   2862
ieq	   2953
ier	   1128
ies	   1607
iet	   1340
ieu	   3166
iev	   2950
iew	   3145
iex	   1443
iey	   2513
iez	   2588
ifa	   1219
ife	   1595
iff	   2576
ifi	   1449
ifo	   1265
ifu	    158
ify	   2844
iga	    266
ige	   1213
igg	   2311
igi	   1173
igo	   1197
igu	   1189
igw	   4724
igy	   1673
iha	    677
ihe	   1624
ihh	   2730
ihi	    823
iho	    496
ihu	   1088
ihw	   2373
ihy	   2142
ii-	   2662
iia	   2431
iib	   2246
iic	   1153
iid	   1641
iie	   2412
iif	   3184
iig	   1385
iih	   2011
iii	   2048
iij	   2396
iik	   1231
iil	   2412
iim	   1807
iin	    834
iio	   2503
iip	   2689
iiq	   2173
iir	   1270
iis	   1429
iit	    929
iiu	   3479
iiv	   3835
iiw	   2090
iix	   1644
iiy	   2069
iiz	   1767
ija	   1914
ije	   2184
iji	    299
ijj	   2396
ijo	    907
iju	    991
ijy	   1114
ika	    777
ike	    841
iki	    665
ikk	   1490
iko	    902
iku	   1261
ikw	   5414
iky	   1573
ila	   4154
ile	   2063
ili	   3305
ilk	   5672
ill	   5815
ilo	   4610
ilt	   1283
ilu	   4680
ilw	   6369
ily	     49
ima	    412
ime	   1073
imi	    919
imm	   4685
imo	    937
imu	   1034
imy	   2532
in'	   1002
in-	   5124
ina	   1046
inb	   2147
inc	   1700
ind	   1985
ine	   1585
inf	   2833
ing	   1305
inh	   2400
ini	   1292
inj	   2027
ink	   1709
inl	   5621
inm	   2286
inn	    965
ino	    991
inp	   2306
inq	   2847
inr	   2288
ins	   1719
int	   1687
inu	   2252
inv	   3934
inw	   3079
inx	   5334
iny	   2248
inz	   2061
io-	   1568
ioa	   2348
iob	   1917
ioc	   1298
iod	   1912
ioe	   2649
iof	   2535
iog	   1940
ioh	   2075
ioi	   1942
ioj	   2568
iok	   1265
iol	   3511
iom	   1746
ion	    741
ioo	   1401
iop	   2134
ioq	   2444
ior	   1326
ios	   1475
iot	   1404
iou	   1415
iov	   3201
iow	   1685
iox	   1743
ioy	   2067
ioz	   2263
ipa	    837
ipe	   1304
ipi	   1201
ipo	   1307
ipp	    578
ipu	    676
ipy	   2938
iqa	   4509
iqe	   5065
iqi	   3510
iqo	   3747
iqq	    604
iqu	    178
ira	    857
ire	   1296
iri	    501
iro	    797
irr	   3385
iru	    992
iry	   1643
isa	    887
ise	   1380
ish	    856
isi	    809
iso	   1337
iss	   1781
isu	    729
isy	   1414
it'	   2297
ita	    835
ite	   1319
ith	   2305
iti	    979
ito	    954
its	    924
itt	   1606
itu	    774
itw	   4086
ity	   1931
iu-	   2522
iua	   3606
iub	   2514
iuc	   1657
iud	   1680
iue	   1726
iuf	   3589
iug	   2359
iuh	   3097
iui	   1958
iuj	   2496
iuk	   1628
iul	   1854
ium	    855
iun	   1187
iuo	   2027
iup	   3513
iuq	   3734
iur	    828
ius	   1063
iut	   1055
iuu	   3876
iuv	   2927
iuw	   2469
iux	   1663
iuy	   3027
iuz	   2300
iva	    791
ive	   1554
ivi	    773
ivo	   1627
ivu	    402
ivv	   4516
ivy	   1485
iwa	    170
iwe	   2330
iwh	   1358
iwi	   2556
iwo	   1046
iwu	   1246
iwy	   3298
ixa	   4186
ixe	   2121
ixi	   3339
ixk	   5704
ixn	    889
ixo	   4641
ixt	   1357
ixu	   4711
ixw	   6400
ixx	   5447
ixy	    144
iya	    314
iye	   3837
iyo	    571
iyu	    958
iyy	   5207
iz/	   2426
iza	    953
ize	   1308
izi	    638
izo	   1260
izu	    543
izy	   1417
izz	   2081
ja-	    920
jaa	   2981
jab	   2018
jac	   1476
jad	   2502
jae	   3136
jaf	   3375
jag	   1761
jah	   2375
jai	   1781
jaj	   2478
jak	   1211
jal	   2447
jam	   1427
jan	    819
jao	   2862
jap	    953
jaq	   1650
jar	   1710
jas	   1534
jat	   2391
jau	   3123
jav	   3023
jaw	   2853
jax	   1835
jay	   2583
jaz	   1891
je-	   1190
jea	   3237
jeb	   2612
jec	   1674
jed	   2458
jee	   3803
jef	   1973
jeg	   2719
jeh	   1993
jei	    868
jej	   2895
jek	   1780
jel	   2767
jem	   1941
jen	    858
jeo	   3331
jep	   2822
jeq	   1811
jer	    676
jes	   1710
jet	   1415
jeu	   3247
jev	   2958
jew	   3467
jex	   2150
jey	   3429
jez	   2982
ji-	   1883
jia	   2100
jib	   2304
jic	   1633
jid	   1750
jie	   2390
jif	   3089
jig	   1950
jih	   2177
jii	   2401
jij	   2710
jik	   1443
jil	    823
jim	   1331
jin	    917
jio	   2019
jip	   2809
jiq	   2680
jir	   1674
jis	   1656
jit	   1628
jiu	   3069
jiv	   3719
jiw	   2461
jix	    844
jiy	   2193
jiz	   2506
jja	   1719
jje	   2144
jji	     75
jjo	   1288
jju	   2854
jjy	   2097
jo-	   1519
joa	   2697
job	   2323
joc	   1879
jod	   2904
joe	   2926
jof	   3481
jog	   2308
joh	   2730
joi	   2027
joj	   2787
jok	   2264
jol	   4277
jom	   2880
jon	   1160
joo	   2955
jop	   3282
joq	   3432
jor	   1972
jos	   1684
jot	   2656
jou	    339
jov	   2760
jow	    895
jox	   2356
joy	   3073
joz	   2457
ju-	   1629
jua	   1959
jub	   2299
juc	   1719
jud	   2346
jue	   1870
juf	   3171
jug	   2464
juh	   2529
jui	   2557
juj	   2713
juk	   1709
jul	   3321
jum	   2368
jun	    762
juo	   3098
jup	   2529
juq	   2014
jur	   1538
jus	   1901
jut	   1003
juu	    726
juv	   3519
juw	   1255
jux	   1904
juy	   2666
juz	   2382
jya	    940
jye	   1390
jyi	   2876
jyo	    359
jyu	    609
ka-	   1716
kaa	   2968
kab	   1827
kac	   1525
kad	   2039
kae	   2152
kaf	   2379
kag	   1699
kah	   1999
kai	    978
kaj	   2490
kak	   1565
kal	   2763
kam	   1355
kan	    873
kao	   2351
kap	   2509
kaq	   2270
kar	   1292
kas	   1403
kat	   1388
kau	   2772
kav	   3635
kaw	   1456
kax	   1691
kay	   1992
kaz	   1771
ke-	   1677
kea	   2240
keb	   2288
kec	   2023
ked	   2022
kee	   3507
kef	   3352
keg	   2373
keh	   2361
kei	    908
kej	   2785
kek	   2367
kel	   2297
kem	   2022
ken	    430
keo	   2620
kep	   3240
keq	   3816
ker	   1403
kes	   1898
ket	   1458
keu	   2876
kev	   3455
kew	   3074
kex	   1195
key	   2074
kez	   2600
ki-	   1816
kia	   2183
kib	   2059
kic	   1353
kid	   1750
kie	   2483
kif	   3112
kig	   1709
kih	   1840
kii	   2399
kij	   2153
kik	   1462
kil	   1049
kim	   1556
kin	   1022
kio	   2246
kip	   2897
kiq	   2766
kir	   1497
kis	   1295
kit	   1158
kiu	   2934
kiv	   4665
kiw	   2434
kix	   1118
kiy	   1738
kiz	   1977
kka	   1146
kke	   1401
kki	   1067
kkk	   5004
kko	    521
kku	    543
kkw	   5218
kky	   1738
ko-	   1758
koa	   2810
kob	   2166
koc	   1697
kod	   2283
koe	   3039
kof	   2942
kog	   2355
koh	   2199
koi	   2279
koj	   2859
kok	   1751
kol	   3004
kom	   1581
kon	   1393
koo	   2871
kop	   2710
koq	   1991
kor	   1623
kos	   1920
kot	   1699
kou	    652
kov	   3489
kow	    572
kox	   2295
koy	   2484
koz	   2597
ku-	   2294
kua	   2255
kub	   1536
kuc	   1315
kud	   1771
kue	   1908
kuf	   2452
kug	   1840
kuh	   1726
kui	   1747
kuj	   1947
kuk	   1561
kul	   2806
kum	   1443
kun	   1532
kuo	   2158
kup	   2531
kuq	   3162
kur	    801
kus	    870
kut	   1311
kuu	   2254
kuv	   3567
kuw	   1973
kux	   2646
kuy	   2130
kuz	   1870
kwa	    878
kwe	   1135
kwi	    524
kwo	    491
kya	    798
kye	   3964
kyi	   3107
kyo	    335
kyu	    628
la-	    972
laa	   3173
lab	   2078
lac	   1789
lad	   2568
lae	   3016
laf	   3297
lag	   2991
lah	   2807
lai	   1120
laj	   2879
lak	   2113
lal	   1245
lam	   1630
lan	    709
lao	   3154
lap	   3043
laq	   2369
lar	   1312
las	   1541
lat	   2189
lau	   2605
lav	   3125
law	   2266
lax	    978
lay	   3523
laz	   2712
le-	   1335
lea	   1552
leb	   1956
lec	   1829
led	   1697
lee	   3547
lef	   2401
leg	   2924
leh	   2324
lei	   1029
lej	   2744
lek	   1971
lel	   1621
lem	   2459
len	    842
leo	   3185
lep	   2550
leq	   2120
ler	    831
les	   1409
let	   1846
leu	   3385
lev	   2526
lew	   2955
lex	   1241
ley	   3338
lez	   2247
li-	    882
lia	   1544
lib	   1800
lic	   1577
lid	   2306
lie	   2348
lif	   2216
lig	   2139
lih	   2068
lii	   3056
lij	   2493
lik	   1738
lil	   1296
lim	   1914
lin	    930
lio	   2168
lip	   2414
liq	   2147
lir	   1283
lis	   1285
lit	   1756
liu	   3039
liv	   2424
liw	   2744
lix	   1114
liy	   3011
liz	   1990
lka	     62
lke	   1068
lla	   1280
lle	   1223
lli	    382
lll	   1794
llo	   1808
llt	   1141
llu	   1408
lly	    932
lo-	    444
loa	   2976
lob	   2590
loc	   2116
lod	   2484
loe	   3913
lof	   3021
log	   2712
loh	   3010
loi	   2310
loj	   3320
lok	   2618
lol	   1641
lom	   1555
lon	    917
loo	   3599
lop	   3743
loq	   3153
lor	   1045
los	   1781
lot	   1509
lou	   3354
lov	   2573
low	   3010
lox	   1297
loy	   3489
loz	   3052
lts	    339
ltu	    354
lu-	    659
lua	   1628
lub	   1730
luc	   1749
lud	   1909
lue	   1610
luf	   2439
lug	   2129
luh	   2103
lui	   1523
luj	   2448
luk	   2002
lul	   1834
lum	   1635
lun	   1447
luo	   2182
lup	   2115
luq	   2651
lur	   1044
lus	   1456
lut	   1762
luu	   2573
luv	   2580
luw	   1940
lux	   1735
luy	   2424
luz	   1736
lwa	      0
lya	   1096
lye	   1830
lyi	   1590
lyo	    306
lyu	    637
ma-	   1668
maa	   2634
mab	   2235
mac	   1277
mad	   1737
mae	   1795
maf	   2987
mag	   1570
mah	   1999
mai	   1517
maj	   2210
mak	   1245
mal	   2783
mam	   1485
man	   1090
mao	   2508
map	   2800
maq	   2371
mar	   1242
mas	   1083
mat	    940
mau	   2563
mav	   4169
maw	   2227
max	   2181
may	   1999
maz	   1995
me-	   1507
mea	   2268
meb	   2350
mec	   1679
med	   1438
mee	   3009
mef	   3117
meg	   1479
meh	   2326
mei	    892
mej	   2222
mek	   1654
mel	   2729
mem	   1785
men	    800
meo	   2431
mep	   2905
meq	   2958
mer	   1029
mes	   1625
met	   1379
meu	   3118
mev	   4287
mew	   2608
mex	   1790
mey	   1858
mez	   1928
mi-	   1873
mia	   1562
mib	   2442
mic	   1367
mid	   1737
mie	   2151
mif	   2982
mig	   1927
mih	   1811
mii	   2307
mij	   2595
mik	   1407
mil	   1975
mim	   1824
min	    811
mio	   2081
mip	   3196
miq	   2495
mir	   1530
mis	   1303
mit	   1109
miu	   2481
miv	   4899
miw	   2304
mix	   1747
miy	   1158
miz	   1519
mma	    711
mme	    796
mmi	    737
mmo	    805
mmu	   1030
mo-	   1580
moa	   2279
mob	   2160
moc	   1650
mod	   1780
moe	   2224
mof	   2939
mog	   2029
moh	   2146
moi	   2003
moj	   2457
mok	   1776
mol	   3237
mom	   1619
mon	    690
moo	   2674
mop	   3008
moq	   2339
mor	    988
mos	   1793
mot	    813
mou	   1826
mov	   3849
mow	   2173
mox	   1701
moy	   2128
moz	   2255
mu-	   1670
mua	   2104
mub	   1855
muc	   1286
mud	   1948
mue	   2189
muf	   2397
mug	   1803
muh	   1884
mui	   2015
muj	   2108
muk	   1361
mul	   3425
mum	   1969
mun	   1465
muo	   2459
mup	   1906
muq	   2566
mur	    625
mus	    968
mut	   1473
muu	   2718
muv	   3365
muw	   2370
mux	   3214
muy	   2488
muz	   1551
mya	    748
mye	   3082
myi	   1934
myo	    618
myu	    384
n'-	   4777
n'a	   2486
n'b	   1619
n'c	   1104
n'd	   1380
n'e	   2495
n'f	   2431
n'g	   1205
n'h	   1799
n'i	   2149
n'j	   1619
n'k	   1113
n'l	   4932
n'm	   1667
n'n	   1615
n'o	   2457
n'p	   1770
n'q	   2594
n'r	   1415
n's	   1036
n't	   1112
n'u	   3058
n'v	   3333
n'w	   2482
n'x	   4744
n'y	   2059
n'z	   1480
n--	   1228
n-a	   2032
n-b	   1515
n-c	   1846
n-d	   1515
n-f	   2194
n-g	   2057
n-h	   2133
n-i	   1970
n-j	   1961
n-k	   2231
n-l	   2417
n-m	   1277
n-n	    925
n-o	   1619
n-p	   1297
n-q	   2974
n-r	   1448
n-s	   1553
n-t	   1355
n-w	   2377
n-x	   2076
n-y	   1982
n-z	   1089
na-	   1591
naa	   2866
nab	   1557
nac	   1223
nad	   1958
nae	   2444
naf	   3001
nag	   1054
nah	   2195
nai	   1291
naj	   2711
nak	   1285
nal	   2978
nam	   1130
nan	   1124
nao	   1816
nap	   2458
naq	   2707
nar	   1187
nas	   1521
nat	   1500
nau	   2642
nav	   3306
naw	   2076
nax	   2090
nay	   2292
naz	   2080
nba	    645
nbb	   5585
nbe	   1124
nbi	   1057
nbo	    858
nbu	    605
nby	   1922
nca	    838
ncc	   5009
nce	    907
nch	   1073
nci	    794
nco	    733
ncu	   1397
ncy	   1638
nd'	   1843
nda	    611
ndd	   5389
nde	    936
ndh	   1848
ndi	   3168
ndo	    357
ndu	   2446
ndw	   3036
ndy	   3585
ne-	   1543
nea	   2304
neb	   2025
nec	   1482
ned	   1932
nee	   2754
nef	   2742
neg	   1779
neh	   2040
nei	   1431
nej	   2283
nek	   1378
nel	   2049
nem	   1627
nen	    854
neo	   2004
nep	   2547
neq	   2290
ner	   1180
nes	   1234
net	   1070
neu	   3007
nev	   2900
new	   2661
nex	   1499
ney	   1964
nez	   1893
nfa	   1024
nfe	   1360
nff	   5133
nfi	   1206
nfo	    933
nfu	    292
nfy	   2722
nga	    732
nge	   1316
ngg	   5476
ngi	   1407
ngo	    971
ngu	    382
ngw	   4370
ngy	   1778
nha	    697
nhe	   1340
nhh	   5732
nhi	   1032
nho	    539
nhu	    906
nhw	   1715
nhy	   1926
ni-	   1416
nia	   1730
nib	   2198
nic	   1036
nid	   2515
nie	   2317
nif	   2802
nig	   1948
nih	   1151
nii	   1791
nij	   2169
nik	   1384
nil	   1558
nim	   1830
nin	   1146
nio	   2084
nip	   2325
niq	   1937
nir	   2107
nis	   1088
nit	   1203
niu	   2754
niv	   3422
niw	   2286
nix	   1480
niy	   2129
niz	   2228
nja	   1056
nje	   1628
nji	    317
njj	   5605
njo	   1031
nju	   1226
njy	   1163
nka	    833
nke	   1084
nki	    591
nkk	   4882
nko	    786
nku	   1378
nkw	   4583
nky	   1061
nla	   1846
nli	   2015
nll	   2646
nlo	   1959
nlt	     49
nlu	   2118
nlw	   2335
nly	   3011
nma	    515
nme	    942
nmi	    927
nmo	    653
nmu	   1554
nmy	   1962
nn'	   4581
nn-	   4797
nna	   1537
nnb	   1714
nnc	   1211
nnd	   1476
nne	   1848
nnf	   2529
nng	   1300
nnh	   1900
nni	   1544
nnj	   1720
nnk	   1212
nnl	   5023
nnm	   1767
nnn	   1715
nno	   1236
nnp	   1865
nnq	   2683
nnr	   1539
nns	   1137
nnt	   1206
nnu	   2533
nnv	   3431
nnw	   2577
nnx	   4828
nny	   2001
nnz	   1578
no-	   1838
noa	   2048
nob	   1255
noc	   1304
nod	   1880
noe	   2165
nof	   2503
nog	   1770
noh	   1455
noi	   1871
noj	   2144
nok	   1323
nol	   3685
nom	   1222
non	   1528
noo	   1850
nop	   2204
noq	   2565
nor	   1382
nos	   1221
not	   1352
nou	   1356
nov	   2871
now	   1507
nox	   2655
noy	   1689
noz	   2028
npa	    656
npe	   1224
npi	   1027
npo	    883
npp	   4029
npu	    568
npy	   1845
nqa	   3405
nqe	   3216
nqi	   2998
nqo	   2702
nqq	   4147
nqu	      4
nra	   1013
nre	   1173
nri	    268
nro	   1201
nrr	   5139
nru	   1815
nry	   1323
nsa	   1009
nse	   1020
nsh	    791
nsi	    945
nso	   1199
nss	   5088
nsu	    799
nsy	   1214
nt'	   2079
nta	    559
nte	    923
nth	   2121
nti	   1188
nto	    591
nts	   1996
ntt	   4105
ntu	   1693
ntw	   3266
nty	   1714
nu-	   1396
nua	   2425
nub	   2010
nuc	   1446
nud	   1950
nue	   1346
nuf	   2804
nug	   1590
nuh	   2297
nui	   1550
nuj	   2547
nuk	    918
nul	   1919
num	    892
nun	   1411
nuo	   2321
nup	   2235
nuq	   2380
nur	   1336
nus	   1403
nut	   1608
nuu	   3043
nuv	   2887
nuw	   2480
nux	   1845
nuy	   2345
nuz	   2328
nva	    844
nve	   1066
nvi	    790
nvo	   1468
nvu	    514
nvy	   1259
nwa	    420
nwe	   1624
nwh	    832
nwi	   1565
nwo	   1010
nwu	    903
nwy	   3816
nxa	   2033
nxi	   2202
nxn	    597
nxo	   2147
nxt	    237
nxu	   2305
nxw	   2522
nxx	   2141
nxy	   3198
nya	    651
nye	   2667
nyi	   2542
nyo	    594
nyu	    442
nz/	   1984
nza	    992
nze	   1193
nzi	    449
nzo	   1169
nzu	    888
nzy	   1267
nzz	   6593
o--	   3475
o-a	   2782
o-b	   1658
o-c	   1721
o-d	   1206
o-e	   2474
o-f	   2623
o-g	   1997
o-h	   2011
o-i	   2109
o-j	   2289
o-k	   1700
o-l	   4321
o-m	   1296
o-n	   1283
o-o	   3167
o-p	   1638
o-q	   2242
o-r	    752
o-s	   1277
o-t	    906
o-u	   3208
o-v	   2619
o-w	   2600
o-x	   2616
o-y	   2590
o-z	   1591
oa-	   1454
oaa	   2720
oab	   1898
oac	   1545
oad	   1862
oae	   3102
oaf	   2453
oag	   1802
oah	   2117
oai	   1340
oaj	   2386
oak	   1097
oal	   2843
oam	   1576
oan	   1016
oao	   2114
oap	   1572
oaq	   2239
oar	   1010
oas	   1318
oat	   1367
oau	   2287
oav	   3052
oaw	   1987
oax	   2003
oay	   1951
oaz	   1837
oba	    642
obb	   3338
obe	   1180
obi	    927
obo	   1032
obu	    546
oby	   2331
oca	    877
occ	   1767
oce	   1477
och	   1490
oci	    724
oco	   1019
ocu	    584
ocy	   1975
od'	   1689
oda	    477
odd	   1783
ode	    827
odh	   1630
odi	   2625
odo	    658
odu	   1516
odw	   3250
ody	   3503
oe-	   1841
oea	   2032
oeb	   1894
oec	   1451
oed	   1564
oee	   2755
oef	   2557
oeg	   1802
oeh	   2016
oei	   1353
oej	   2370
oek	    879
oel	   2846
oem	   1400
oen	    977
oeo	   2779
oep	   2584
oeq	   2325
oer	   1069
oes	   1392
oet	   1433
oeu	   2671
oev	   2649
oew	   2609
oex	   1952
oey	   1827
oez	   2242
ofa	   1095
ofe	   1504
off	   2553
ofi	    963
ofo	   1276
ofu	    250
ofy	   2942
oga	    500
oge	   1346
ogg	   1848
ogi	   1166
ogo	   1197
ogu	    550
ogw	   4532
ogy	   1978
oha	    433
ohe	   1459
ohh	   2790
ohi	    901
oho	    961
ohu	    854
ohw	   1944
ohy	   2330
oi-	   2166
oia	   2086
oib	   2043
oic	   1258
oid	   1494
oie	   1893
oif	   2820
oig	   1996
oih	   2050
oii	   2259
oij	   2547
oik	   1411
oil	   2733
oim	   1785
oin	    911
oio	   2477
oip	   2358
oiq	   2519
oir	   1212
ois	   1198
oit	    946
oiu	   2589
oiv	   3163
oiw	   1832
oix	   1890
oiy	   1612
oiz	   1564
oja	   1273
oje	   1360
oji	    319
ojj	   2303
ojo	    991
oju	   1156
ojy	   1252
oka	    852
oke	   1051
oki	    902
okk	   1562
oko	    966
oku	    583
okw	   5101
oky	   1728
ola	   3327
ole	   3690
oli	   3041
olk	   4741
oll	   4258
olo	   2504
olt	     40
olu	   1385
olw	   4704
oly	   2739
oma	    697
ome	    974
omi	    659
omm	   4417
omo	    734
omu	   1183
omy	   1993
on'	    946
on-	   4727
ona	   1238
onb	   1817
onc	   1669
ond	   1688
one	   1630
onf	   2633
ong	   1664
onh	   2244
oni	   1328
onj	   2190
onk	   1909
onl	   5234
onm	   2132
onn	    889
ono	    998
onp	   1994
onq	   3132
onr	   2007
ons	   1555
ont	   1661
onu	   2480
onv	   3562
onw	   2886
onx	   5092
ony	   2380
onz	   2041
oo-	   2055
ooa	   2320
oob	   1690
ooc	   1439
ood	   1946
ooe	   2362
oof	   2638
oog	   1742
ooh	   1529
ooi	   1441
ooj	   2621
ook	   1486
ool	   3598
oom	   1400
oon	   1294
ooo	   1918
oop	   2930
ooq	   2331
oor	   1205
oos	    769
oot	   1126
oou	   2025
oov	   4351
oow	   2183
oox	   2564
ooy	   1805
ooz	   2055
opa	    882
ope	   1213
opi	   1138
opo	   1197
opp	    547
opu	    785
opy	   2719
oqa	   4541
oqe	   4757
oqi	   3936
oqo	   4273
oqq	   1510
oqu	     25
ora	    894
ore	   1035
ori	    473
oro	    947
orr	   3314
oru	    944
ory	   2053
osa	    769
ose	   1391
osh	    948
osi	    672
oso	   1442
oss	   2180
osu	    796
osy	   1592
ot'	   2805
ota	    910
ote	    941
oth	   2904
oti	   1191
oto	    503
ots	   1789
ott	   1265
otu	   1219
otw	   3612
oty	   1822
ou-	   3902
oua	   2399
oub	   1739
ouc	   1103
oud	   1694
oue	   1795
ouf	   2638
oug	   1007
ouh	   1523
oui	   1682
ouj	   1606
ouk	   1097
oul	   3259
oum	   1656
oun	   1686
ouo	   2433
oup	   3342
ouq	   2757
our	   1518
ous	   1116
out	   1140
ouu	   2822
ouv	   4906
ouw	   2412
oux	   3227
ouy	   1899
ouz	   1620
ova	    667
ove	   1269
ovi	    739
ovo	   1467
ovu	    581
ovv	   3725
ovy	   1377
owa	   1879
owe	   3261
owh	    380
owi	   3275
owo	   2973
owu	    343
oww	   6074
owy	   5056
oxa	   3904
oxe	   4266
oxi	   3618
oxk	   5317
oxn	    149
oxo	   3080
oxt	    725
oxu	   1966
oxw	   5280
oxx	   4678
oxy	   3316
oya	    363
oye	   3697
oyo	    559
oyu	    830
oyy	   5192
oz/	   1518
oza	    756
oze	   1164
ozi	    522
ozo	   1043
ozu	   1189
ozy	   1430
ozz	   2350
pa-	    723
paa	   3452
pab	   2208
pac	   1653
pad	   2242
pae	   3321
paf	   2563
pag	   2393
pah	   2660
pai	   1420
paj	   2906
pak	   1809
pal	   2573
pam	   2449
pan	    762
pao	   2807
pap	   1794
paq	   2100
par	   1162
pas	   1302
pat	   1387
pau	   2262
pav	   3078
paw	   1808
pax	   1654
pay	   3150
paz	   2555
pe-	    857
pea	   1945
peb	   3097
pec	   1927
ped	   1878
pee	   3663
pef	   3622
peg	   2245
peh	   3280
pei	   1153
pej	   3157
pek	   1736
pel	   1999
pem	   2873
pen	    833
peo	   3446
pep	   1835
peq	   2460
per	    974
pes	   1464
pet	   1083
peu	   3935
pev	   3841
pew	   3874
pex	   1544
pey	   3104
pez	   2896
pi-	    630
pia	   1284
pib	   2727
pic	   1639
pid	   2434
pie	   1803
pif	   3541
pig	   2357
pih	   3007
pii	   2956
pij	   3077
pik	   1634
pil	   1770
pim	   2903
pin	    824
pio	   1750
pip	   2304
piq	   2136
pir	   1321
pis	   1792
pit	   1436
piu	   3412
piv	   3667
piw	   3563
pix	   1447
piy	   2485
piz	   2318
po-	    773
poa	   2719
pob	   3020
poc	   2010
pod	   2391
poe	   2827
pof	   3159
pog	   2883
poh	   3015
poi	   1584
poj	   2321
pok	   1496
pol	   2404
pom	   2460
pon	    926
poo	   3541
pop	   1665
poq	   2961
por	    824
pos	   1759
pot	   1538
pou	   1359
pov	   3597
pow	   1502
pox	   1716
poy	   2857
poz	   2277
ppa	    956
ppe	   1697
ppi	   1153
ppo	    979
ppp	   4778
ppu	    278
ppy	   2595
pu-	   1749
pua	   2220
pub	   2217
puc	   1717
pud	   2162
pue	   2594
puf	   2486
pug	   2403
puh	   1953
pui	   2518
puj	   1912
puk	   1854
pul	   3360
pum	   2020
pun	   1709
puo	   2635
pup	   2138
puq	   2669
pur	    303
pus	   1290
put	   1358
puu	   2291
puv	   3380
puw	   2212
pux	   2871
puy	   2765
puz	   2107
pya	   1714
pye	   2907
pyi	   1396
pyo	    706
pyu	    207
qa-	    935
qab	   2135
qac	   1570
qad	   1301
qae	   2684
qag	   2139
qai	   1577
qaj	   2483
qak	   1698
qal	   2581
qam	   2685
qan	    608
qao	   1991
qap	   2684
qaq	   1705
qar	    940
qas	   2338
qat	   1720
qau	   2390
qaw	   3443
qax	   1662
qay	   2684
qaz	   2483
qe-	   1130
qea	    788
qec	   2292
qed	   2166
qei	    969
qel	   2394
qem	   2509
qen	    956
qer	   1271
qes	    934
qet	   1199
qex	   1896
qez	   2171
qi-	    241
qia	   2304
qib	   3199
qic	   2191
qid	   2022
qie	   2304
qig	   3199
qii	   2047
qij	   2537
qik	   1954
qil	   3024
qin	   1002
qip	   2313
qiq	   2199
qir	   1590
qis	   1937
qit	   1591
qiu	   3441
qiw	   3682
qix	   2188
qiy	   3199
qiz	   2407
qo-	    179
qoa	   3182
qob	   2377
qoc	   2454
qod	   2285
qof	   3510
qog	   3180
qoh	   3510
qoi	   2838
qok	   2435
qol	   3180
qom	   3180
qon	    949
qoo	   3181
qoq	   2460
qor	   1503
qos	   2836
qot	   2845
qou	   2740
qov	   2208
qow	   2953
qox	   2026
qoz	   2834
qqa	   4258
qqi	   3765
qqo	   4680
qqq	   5371
qqu	      0
qu-	   2286
qua	   2249
qub	   1536
quc	   1322
qud	   1773
que	   1907
quf	   2462
qug	   1848
quh	   1725
qui	   1750
quj	   1953
quk	   1560
qul	   2801
qum	   1442
qun	   1530
quo	   2182
qup	   2523
quq	   3160
qur	    798
qus	    869
qut	   1309
quu	   2254
quv	   3559
quw	   1973
qux	   2640
quy	   2131
quz	   1873
ra-	   1479
raa	   2517
rab	   1390
rac	   1353
rad	   1798
rae	   2394
raf	   2257
rag	   1715
rah	   1904
rai	   1063
raj	   2314
rak	   1410
ral	   2485
ram	   1496
ran	    932
rao	   2257
rap	   2168
raq	   2023
rar	   1658
ras	   1210
rat	   1553
rau	   2112
rav	   2570
raw	   2071
rax	   1820
ray	   1993
raz	   1987
re-	   1032
rea	   2019
reb	   1703
rec	   1681
red	   1622
ree	   2856
ref	   2694
reg	   2036
reh	   2371
rei	   1001
rej	   2154
rek	   1524
rel	   2124
rem	   1780
ren	    883
reo	   2133
rep	   2339
req	   2050
rer	   1548
res	   1226
ret	   1483
reu	   3275
rev	   2715
rew	   3068
rex	   1621
rey	   2067
rez	   1946
ri-	   1069
ria	   1546
rib	   2004
ric	   1531
rid	   2169
rie	   2082
rif	   2573
rig	   2024
rih	   1954
rii	   2596
rij	   2544
rik	   1532
ril	   1579
rim	   1806
rin	   1116
rio	   2038
rip	   2210
riq	   2428
rir	   2076
ris	   1409
rit	    665
riu	   2678
riv	   3135
riw	   2761
rix	   1527
riy	   2040
riz	   2125
ro-	   1072
roa	   2234
rob	   1666
roc	   1297
rod	   1882
roe	   2494
rof	   2305
rog	   1287
roh	   1989
roi	   1778
roj	   2167
rok	   1445
rol	   2328
rom	   1544
ron	   1192
roo	   2604
rop	   1813
roq	   1980
ror	   1822
ros	   1234
rot	   1688
rou	   1163
rov	   2839
row	   1624
rox	   2025
roy	   2138
roz	   2099
rra	    507
rre	    906
rri	    726
rro	    803
rru	   1686
rry	   2599
ru-	   1416
rua	   2021
rub	   1408
ruc	   1372
rud	   1259
rue	   2201
ruf	   1728
rug	   1620
ruh	   1499
rui	   1831
ruj	   2154
ruk	   1394
rul	   3230
rum	   1280
run	   1480
ruo	   2133
rup	   1779
ruq	   2235
rur	   1606
rus	   1200
rut	   1134
ruu	   2632
ruv	   2365
ruw	   2248
rux	   3009
ruy	   2246
ruz	   1785
rya	    773
rye	   3364
ryi	   2168
ryo	    398
ryu	    566
sa-	   1554
saa	   2982
sab	   2027
sac	   1261
sad	   2210
sae	   2547
saf	   3138
sag	   1765
sah	   1947
sai	    981
saj	   3173
sak	   1057
sal	   2492
sam	   1642
san	    825
sao	   2386
sap	   2294
saq	   2018
sar	   1523
sas	   1715
sat	   1259
sau	   2619
sav	   3375
saw	   1777
sax	   1706
say	   2030
saz	   2685
se-	   2238
sea	   3088
seb	   2325
sec	   2043
sed	   2590
see	   3502
sef	   2981
seg	   2390
seh	   2698
sei	    619
sej	   3418
sek	   1355
sel	   2444
sem	   2196
sen	    583
seo	   3028
sep	   2758
seq	   3040
ser	   1419
ses	   1941
set	   1326
seu	   3618
sev	   3564
sew	   3343
sex	   1286
sey	   2274
sez	   3004
sha	   1322
she	   2425
shi	    227
sho	    828
shu	   1168
si-	   1830
sia	   2179
sib	   2032
sic	   1584
sid	   2002
sie	   2316
sif	   2922
sig	   1884
sih	   1989
sii	   2270
sij	   2537
sik	   1344
sil	   1035
sim	   1264
sin	   1005
sio	   2069
sip	   2858
siq	   2848
sir	   1119
sis	   1657
sit	   1436
siu	   3024
siv	   4060
siw	   2530
six	    969
siy	   2132
siz	   2058
so-	   1568
soa	   3069
sob	   1755
soc	   1500
sod	   2220
soe	   2461
sof	   1986
sog	   2073
soh	   1975
soi	   2483
soj	   3040
sok	   1571
sol	   3162
som	   2045
son	    928
soo	   2948
sop	   2819
soq	   1833
sor	   1380
sos	   1883
sot	   2010
sou	    691
sov	   3491
sow	    925
sox	   1952
soy	   2623
soz	   2737
ssa	    914
sse	   1252
ssh	    640
ssi	   1031
sso	   1392
sss	   4643
ssu	   1308
ssy	    761
su-	   2291
sua	   2276
sub	   1959
suc	   1000
sud	   1918
sue	   2333
suf	   2478
sug	   1751
suh	   1884
sui	   1581
suj	   2421
suk	    958
sul	   3110
sum	   1493
sun	   1726
suo	   2316
sup	   1431
suq	   1990
sur	   1515
sus	   1408
sut	    811
suu	   2283
suv	   3342
suw	   2016
sux	   3016
suy	   2299
suz	   1982
sya	    819
sye	   1921
syi	   2926
syo	    329
syu	    666
t'i	     49
t'u	   1194
t'y	   2960
ta-	    974
taa	   2723
tab	   1992
tac	   1228
tad	   1961
tae	   2535
taf	   2853
tag	   1927
tah	   2146
tai	   1025
taj	   2285
tak	   1038
tal	   3044
tam	   1408
tan	   1089
tao	   2472
tap	   2874
taq	   2238
tar	   1314
tas	   1684
tat	   1368
tau	   2516
tav	   3714
taw	   2322
tax	   2210
tay	   2225
taz	   2204
te-	   1528
tea	   2552
teb	   2492
tec	   1900
ted	   2208
tee	   3575
tef	   2772
teg	   2253
teh	   2506
tei	   1023
tej	   3092
tek	   1438
tel	   1380
tem	   1649
ten	    760
teo	   2636
tep	   2471
teq	   2357
ter	    918
tes	   1885
tet	   1382
teu	   3206
tev	   3584
tew	   2915
tex	   1175
tey	   2457
tez	   2995
tha	   4332
the	   3225
thi	     10
tho	   5171
thu	   1972
ti-	   1927
tia	   1990
tib	   1569
tic	   1385
tid	   1850
tie	   1953
tif	   2862
tig	   1691
tih	   1658
tii	   2132
tij	   2070
tik	   1290
til	   1047
tim	   1608
tin	   1207
tio	   2149
tip	   2351
tiq	   2266
tir	   1260
tis	   1596
tit	   1624
tiu	   2629
tiv	   3847
tiw	   2376
tix	   1041
tiy	   1759
tiz	   2077
to-	   1953
toa	   2211
tob	   1785
toc	   1363
tod	   2047
toe	   2568
tof	   2292
tog	   2086
toh	   1869
toi	   2237
toj	   2641
tok	   1452
tol	   2677
tom	   1375
ton	   1472
too	   2167
top	   2005
toq	   2172
tor	    917
tos	   1385
tot	   1796
tou	    953
tov	   3149
tow	   1028
tox	   2467
toy	   1849
toz	   2556
tsa	   2683
tse	   2902
tsi	   2867
tso	   3024
tsu	      6
tt'	   2309
tta	   1210
tte	   1415
tth	   2326
tti	   1056
tto	    240
tts	   1928
ttt	   5010
ttu	   1442
ttw	   3871
tty	   2075
tu-	   2578
tua	   2187
tub	   1801
tuc	    861
tud	   1703
tue	   2387
tuf	   2725
tug	   1771
tuh	   1791
tui	   1728
tuj	   2216
tuk	    806
tul	   2943
tum	   1515
tun	   1611
tuo	   2055
tup	   1745
tuq	   1900
tur	   1608
tus	   1264
tut	   1258
tuu	   2190
tuv	   3849
tuw	   2168
tux	   2925
tuy	   1844
tuz	   2067
twa	   3133
twe	   2872
twi	   2728
two	   2136
twu	     11
tya	    815
tye	   1347
tyi	   3115
tyo	    402
tyu	    621
u--	   3324
u-a	   2214
u-b	   1499
u-c	   1761
u-d	   1620
u-e	   2331
u-f	   2365
u-g	   2059
u-h	   2069
u-i	   2420
u-j	   1611
u-k	   1926
u-l	   3926
u-m	   1342
u-n	   1400
u-o	   2658
u-p	   1165
u-q	   2762
u-r	    894
u-s	   1156
u-t	    964
u-u	   3050
u-v	   2585
u-w	   2519
u-x	   2647
u-y	   2376
u-z	   1300
ua-	   1264
uaa	   3093
uab	   1842
uac	   1578
uad	   1792
uae	   3004
uaf	   2533
uag	   2085
uah	   2396
uai	   1276
uaj	   2620
uak	   1297
ual	   2385
uam	   1589
uan	    910
uao	   1967
uap	   1559
uaq	   2255
uar	   1012
uas	   1327
uat	   1432
uau	   2201
uav	   2901
uaw	   2110
uax	   1697
uay	   2283
uaz	   2188
uba	    738
ubb	   3488
ube	    991
ubi	    902
ubo	    900
ubu	    641
uby	   1819
uca	    806
ucc	   2537
uce	   1119
uch	   1197
uci	    795
uco	    677
ucu	   1096
ucy	   1870
ud'	   1974
uda	    563
udd	   1997
ude	    951
udh	   1983
udi	   3212
udo	    410
udu	   1845
udw	   2965
udy	   3780
ue-	   2080
uea	   1925
ueb	   2342
uec	   2015
ued	   1724
uee	   3434
uef	   2579
ueg	   2674
ueh	   1987
uei	   1174
uej	   2976
uek	   1365
uel	   2891
uem	   1736
uen	    443
ueo	   2990
uep	   2837
ueq	   2677
uer	   1367
ues	   1442
uet	   1756
ueu	   3743
uev	   3099
uew	   3442
uex	   1209
uey	   2515
uez	   2735
ufa	   1013
ufe	   1485
uff	   2603
ufi	   1289
ufo	   1306
ufu	    207
ufy	   3059
uga	    277
uge	   1338
ugg	   4112
ugi	    984
ugo	   1109
ugu	   1335
ugw	   4885
ugy	   1625
uha	    724
uhe	   1356
uhh	   3427
uhi	    828
uho	    562
uhu	    940
uhw	   2057
uhy	   2147
ui-	   1791
uia	   2582
uib	   2256
uic	   1169
uid	   2135
uie	   2321
uif	   3324
uig	   1981
uih	   2163
uii	   2066
uij	   2293
uik	   1314
uil	   2506
uim	   1953
uin	    648
uio	   2684
uip	   2998
uiq	   2008
uir	   1629
uis	   1303
uit	    964
uiu	   3186
uiv	   3215
uiw	   2193
uix	   1377
uiy	   2125
uiz	   1804
uja	   1654
uje	   2161
uji	    218
ujj	   3832
ujo	    962
uju	   1372
ujy	   1182
uka	    842
uke	    972
uki	    669
ukk	   2406
uko	    709
uku	   1148
ukw	   4684
uky	   1420
ula	    923
ule	   1121
uli	    887
ulk	   5078
ull	   4470
ulo	    978
ult	    872
ulu	   1975
ulw	   3565
uly	    734
uma	    597
ume	    954
umi	    552
umm	   4702
umo	   1069
umu	   1235
umy	   2080
un'	   1275
un-	   4901
una	    883
unb	   2495
unc	   1941
und	   1934
une	   1232
unf	   3537
ung	   2352
unh	   2614
uni	    862
unj	   2573
unk	   1970
unl	   5123
unm	   2390
unn	   1237
uno	    768
unp	   2597
unq	   3729
unr	   2344
uns	   1933
unt	   1962
unu	   2344
unv	   4491
unw	   3268
unx	   5083
uny	   2029
unz	   2444
uo-	   1395
uoa	   2962
uob	   1637
uoc	   1064
uod	   2187
uoe	   3492
uof	   2221
uog	   2320
uoh	   2272
uoi	   2315
uoj	   3066
uok	   1193
uol	   3159
uom	   2086
uon	   1108
uoo	   1130
uop	   2474
uoq	   2825
uor	   1710
uos	   2036
uot	   1907
uou	   1006
uov	   3829
uow	    956
uox	   1958
uoy	   2310
uoz	   2571
upa	    726
upe	   1067
upi	   1027
upo	    787
upp	   1793
upu	    633
upy	   2930
uqa	   3711
uqe	   3608
uqi	   3133
uqo	   3102
uqq	   1905
uqu	     13
ura	    598
ure	   1040
uri	    672
uro	    953
urr	   3915
uru	    994
ury	   1817
usa	    896
use	   1158
ush	    796
usi	    849
uso	   1322
uss	   2612
usu	    793
usy	   1343
ut'	   2063
uta	    830
ute	   1073
uth	   2097
uti	   1081
uto	    463
uts	   1569
utt	   2360
utu	   1295
utw	   3285
uty	   1898
uu-	   3078
uua	   2556
uub	   1623
uuc	   1086
uud	   1786
uue	   2154
uuf	   2844
uug	    959
uuh	   1704
uui	   1803
uuj	   1597
uuk	   1101
uul	   2315
uum	   1801
uun	   1524
uuo	   1615
uup	   3136
uuq	   3175
uur	   1521
uus	   1067
uut	   1408
uuu	   2993
uuv	   4832
uuw	   2644
uux	   2212
uuy	   1990
uuz	   1556
uva	    645
uve	    967
uvi	    805
uvo	   1530
uvu	    659
uvv	   4510
uvy	   1355
uwa	   1062
uwe	   2317
uwh	    445
uwi	   2329
uwo	   2072
uwu	    416
uww	   4754
uwy	   3914
uxa	   1092
uxe	   1286
uxi	   1055
uxk	   5227
uxn	    639
uxo	   1132
uxt	   1039
uxu	   2124
uxw	   3714
uxx	   4617
uxy	    891
uya	    419
uye	   3256
uyo	    489
uyu	    828
uz/	   1878
uza	   1073
uze	   1416
uzi	    404
uzo	   1098
uzu	    892
uzy	   1328
uzz	   2536
va-	    768
vaa	   3255
vab	   2799
vac	   2099
vad	   2167
vae	   3283
vaf	   3041
vag	   2471
vah	   2758
vai	   1187
vaj	   2761
vak	   2203
val	   2995
vam	   2568
van	    677
vao	   3472
vap	   2691
vaq	   3135
var	    690
vas	   1675
vat	   1848
vau	   2869
vav	   2900
vaw	   3339
vax	   1785
vay	   3256
vaz	   2605
ve-	   1007
vea	   2706
veb	   2840
vec	   2308
ved	   1914
vee	   4062
vef	   3441
veg	   2224
veh	   2935
vei	   1460
vej	   2797
vek	   2116
vel	   2743
vem	   2840
ven	    883
veo	   3085
vep	   2851
veq	   2864
ver	    448
ves	   1382
vet	   1482
veu	   3250
vev	   3047
vew	   4083
vex	   2074
vey	   3716
vez	   2325
vi-	   1147
via	   1475
vib	   2385
vic	   1671
vid	   1233
vie	   1731
vif	   3331
vig	   2304
vih	   2156
vii	   3882
vij	   1870
vik	   1806
vil	   2166
vim	   2448
vin	   1025
vio	   1989
vip	   2954
viq	   2032
vir	    893
vis	   1400
vit	   1048
viu	   2902
viv	   1801
viw	   3540
vix	   1872
viy	   2872
viz	   2111
vo-	    774
voa	   2068
vob	   2499
voc	   2019
vod	   1863
voe	   3218
vof	   3055
vog	   2339
voh	   3040
voi	   1034
voj	   2651
vok	   2009
vol	   3191
vom	   2499
von	   1339
voo	   3299
vop	   2705
voq	   2415
vor	    511
vos	   1781
vot	   1991
vou	   2916
vov	   2343
vow	   1840
vox	   2476
voy	   2213
voz	   2700
vu-	   2324
vua	   2293
vub	   2521
vuc	   2326
vud	   2319
vue	   2831
vuf	   2640
vug	   2360
vuh	   2442
vui	   2178
vuj	   3051
vuk	   2445
vul	    522
vum	   2231
vun	   1375
vuo	   2825
vup	   2717
vuq	   3171
vur	   1272
vus	   1837
vut	   2462
vuu	   3142
vuv	   3421
vuw	   2653
vux	    540
vuy	   2742
vuz	   2424
vva	   1172
vve	    843
vvi	    868
vvo	   1169
vvu	    464
vvy	   1479
vya	   2208
vye	    669
vyi	    192
vyo	   3779
vyu	   1550
wa-	   1231
waa	   2461
wab	   2057
wac	   1112
wad	   1748
wae	   2354
waf	   2757
wag	   1697
wah	   1867
wai	   1334
waj	   2255
wak	   1109
wal	   2753
wam	   1575
wan	   1224
wao	   2376
wap	   2953
waq	   2438
war	   1146
was	   1175
wat	   1210
wau	   2728
wav	   4272
waw	   2633
wax	   2245
way	   1966
waz	   2084
we-	   1128
wea	   1044
web	   1299
wec	   2385
wed	   1490
wee	   3504
wef	   3437
weg	   3087
weh	   2942
wei	    774
wej	   2710
wek	   2485
wel	   2572
wem	   2640
wen	   1333
weo	   3272
wep	   2229
weq	   2667
wer	    892
wes	   1286
wet	   1828
weu	   3601
wev	   3303
wew	   3429
wex	   2160
wey	   3972
wez	   1890
wha	   4828
whe	   2997
whi	   2897
who	   2641
whu	      5
wi-	    924
wia	   2182
wib	   2929
wic	   1983
wid	   2462
wie	   2964
wif	   2875
wig	   1874
wih	   2661
wii	   3138
wij	   2626
wik	   1753
wil	   1745
wim	   2306
win	    726
wio	   2860
wip	   2521
wiq	   2350
wir	    736
wis	   1406
wit	   1521
wiu	   2979
wiv	   4148
wiw	   3339
wix	   1470
wiy	   3139
wiz	   1600
wo-	   1372
woa	   1559
wob	   2705
woc	   1251
wod	   2313
woe	   2212
wof	   2210
wog	   2830
woh	   1267
woi	   1767
woj	   3175
wok	   1179
wol	   3067
wom	   1294
won	   1215
woo	   1686
wop	   3071
woq	   2342
wor	   1797
wos	   1251
wot	    900
wou	   1823
wov	   4456
wow	   2104
wox	   2393
woy	   1808
woz	   3256
wu-	   2845
wua	   2595
wub	   1785
wuc	   1120
wud	   1765
wue	   1908
wuf	   2762
wug	    889
wuh	   1629
wui	   1741
wuj	   1722
wuk	   1123
wul	   2355
wum	   1805
wun	   1608
wuo	   2080
wup	   3378
wuq	   2744
wur	   1527
wus	   1111
wut	   1156
wuu	   3219
wuv	   4318
wuw	   2432
wux	   2207
wuy	   2073
wuz	   1650
wwa	    349
wwe	   1678
wwh	   1170
wwi	   2025
wwu	    518
wye	    370
wyi	    788
wyu	    574
xa-	    956
xaa	   3154
xab	   2059
xac	   1792
xad	   2549
xae	   2996
xaf	   3274
xag	   2975
xah	   2788
xai	   1113
xaj	   2858
xak	   2094
xal	   1317
xam	   1625
xan	    710
xao	   3140
xap	   3024
xaq	   2351
xar	   1301
xas	   1530
xat	   2211
xau	   2587
xav	   3106
xaw	   2247
xax	    977
xay	   3504
xaz	   2692
xe-	   1329
xea	   1532
xeb	   1938
xec	   1859
xed	   1710
xee	   3525
xef	   2380
xeg	   2911
xeh	   2305
xei	   1094
xej	   2729
xek	   1963
xel	   1613
xem	   2442
xen	    832
xeo	   3170
xep	   2526
xeq	   2104
xer	    821
xes	   1399
xet	   1856
xeu	   3361
xev	   2502
xew	   2933
xex	   1225
xey	   3316
xez	   2260
xi-	    898
xia	   1530
xib	   1781
xic	   1593
xid	   2290
xie	   2329
xif	   2240
xig	   2131
xih	   2066
xii	   3042
xij	   2474
xik	   1729
xil	   1305
xim	   1926
xin	    929
xio	   2161
xip	   2395
xiq	   2136
xir	   1275
xis	   1278
xit	   1745
xiu	   3046
xiv	   2423
xiw	   2747
xix	   1112
xiy	   2992
xiz	   1979
xka	     62
xke	   1068
xn-	   4726
xna	   2483
xnb	   1610
xnc	   1115
xnd	   1375
xne	   2494
xnf	   2429
xng	   1198
xnh	   1800
xni	   2143
xnj	   1620
xnk	   1111
xnl	   4912
xnm	   1666
xnn	   1617
xno	   2454
xnp	   1763
xnq	   2579
xnr	   1447
xns	   1037
xnt	   1104
xnu	   3053
xnv	   3327
xnw	   2471
xnx	   4724
xny	   2050
xnz	   1477
xo-	    441
xoa	   2970
xob	   2586
xoc	   2114
xod	   2523
xoe	   3908
xof	   3045
xog	   2707
xoh	   3022
xoi	   2372
xoj	   3324
xok	   2613
xol	   1648
xom	   1558
xon	    914
xoo	   3602
xop	   3739
xoq	   3153
xor	   1044
xos	   1784
xot	   1511
xou	   3351
xov	   2571
xow	   3005
xox	   1299
xoy	   3482
xoz	   3042
xts	    364
xtu	    329
xu-	    654
xua	   1638
xub	   1840
xuc	   1745
xud	   1904
xue	   1604
xuf	   2436
xug	   2127
xuh	   2098
xui	   1520
xuj	   2444
xuk	   1996
xul	   1834
xum	   1630
xun	   1442
xuo	   2175
xup	   2108
xuq	   2645
xur	   1045
xus	   1450
xut	   1757
xuu	   2571
xuv	   2577
xuw	   1935
xux	   1734
xuy	   2419
xuz	   1733
xwa	      0
xxa	   1386
xxe	   1329
xxi	    489
xxn	    828
xxo	   1914
xxt	   1244
xxu	   1514
xxx	   1900
xxy	   1038
xya	   1075
xye	   1777
xyi	   1539
xyo	    313
xyu	    646
ya-	   1539
yaa	   2828
yab	   1932
yac	   1193
yad	   1920
yae	   2570
yaf	   2980
yag	   1807
yah	   2024
yai	   2126
yaj	   2532
yak	   1170
yal	   2306
yam	    764
yan	   1084
yao	   2474
yap	   1991
yaq	   1755
yar	   1412
yas	   1210
yat	   1598
yau	   2875
yav	   3529
yaw	   2456
yax	   1838
yay	   2336
yaz	   2098
ye-	   1334
yea	   1638
yeb	   2134
yec	   1762
yed	   1898
yee	   3624
yef	   2264
yeg	   2800
yeh	   2200
yei	   1169
yej	   2675
yek	   1823
yel	   1694
yem	   2373
yen	    778
yeo	   3206
yep	   2585
yeq	   1998
yer	    791
yes	   1399
yet	   1821
yeu	   3209
yev	   2409
yew	   2955
yex	   1280
yey	   3235
yez	   2332
yi-	    961
yia	   1593
yib	   1829
yic	   1562
yid	   2188
yie	   2343
yif	   2246
yig	   2158
yih	   2030
yii	   3090
yij	   2366
yik	   1751
yil	   1228
yim	   1950
yin	    937
yio	   2255
yip	   2500
yiq	   2155
yir	   1276
yis	   1307
yit	   1682
yiu	   3122
yiv	   2305
yiw	   2676
yix	   1040
yiy	   3029
yiz	   1992
yo-	   2247
yoa	   3419
yob	   2644
yoc	   1419
yod	   2789
yoe	   3599
yof	   3798
yog	   2624
yoh	   2674
yoi	   2743
yoj	   3112
yok	   1628
yol	   2683
yom	   2555
yon	   1399
yoo	   3435
yop	   2643
yoq	   1952
yor	   2155
yos	   1723
yot	   2302
you	    537
yov	   3666
yow	    527
yox	   2045
yoy	   3191
yoz	   2931
yu-	   1216
yua	   2209
yub	   2467
yuc	   1953
yud	   2689
yue	   2798
yuf	   3136
yug	   2326
yuh	   2793
yui	   2465
yuj	   3017
yuk	   1443
yul	   2588
yum	   1942
yun	   1483
yuo	   3190
yup	   2744
yuq	   2496
yur	   1715
yus	   2132
yut	   1536
yuu	    611
yuv	   3355
yuw	    633
yux	   2183
yuy	   2826
yuz	   2427
yya	    388
yyo	    445
yyu	   1019
z/a	   1560
z/b	   1350
z/c	   1424
z/d	   1362
z/e	   1907
z/f	   1703
z/g	   1614
z/h	   1427
z/i	   1914
z/j	   1668
z/k	   1499
z/m	   1298
z/n	   1898
z/o	   1868
z/p	   1524
z/q	   2411
z/r	   1206
z/s	   1193
z/t	   1524
z/u	   2165
z/v	   2093
z/w	   1809
z/x	   5913
z/y	   2088
z/z	   1747
za-	   1212
zaa	   2999
zab	   1774
zac	   1595
zad	   2420
zae	   2373
zaf	   2673
zag	   2376
zah	   2162
zai	    852
zaj	   3196
zak	    926
zal	   3064
zam	   1681
zan	    954
zao	   2512
zap	   2481
zaq	   2322
zar	   1620
zas	   1799
zat	   1813
zau	   2751
zav	   3121
zaw	   1107
zax	   1859
zay	   2785
zaz	   2249
ze-	   1936
zea	   2732
zeb	   2436
zec	   2209
zed	   2821
zee	   3417
zef	   2318
zeg	   2609
zeh	   2220
zei	   1524
zej	   3608
zek	   1913
zel	   2507
zem	   2067
zen	    288
zeo	   2438
zep	   2431
zeq	   2934
zer	   1252
zes	   2210
zet	   1550
zeu	   3217
zev	   3550
zew	   2826
zex	   1169
zey	   2430
zez	   2896
zi-	   1840
zia	   2073
zib	   2266
zic	   1631
zid	   1767
zie	   2383
zif	   3058
zig	   1921
zih	   2147
zii	   2367
zij	   2719
zik	   1406
zil	    887
zim	   1301
zin	    939
zio	   1983
zip	   2772
ziq	   2638
zir	   1640
zis	   1633
zit	   1619
ziu	   3029
ziv	   3677
ziw	   2418
zix	    824
ziy	   2185
ziz	   2478
zo-	   1364
zoa	   3268
zob	   2813
zoc	   1108
zod	   2944
zoe	   2251
zof	   2887
zog	   2753
zoh	   2791
zoi	   2656
zoj	   3695
zok	   1114
zol	   3736
zom	   1782
zon	   1126
zoo	   3443
zop	   3292
zoq	   1180
zor	   1674
zos	   2770
zot	   2574
zou	    680
zov	   3464
zow	    989
zox	   2320
zoy	   3561
zoz	   3334
zu-	   2356
zua	   2013
zub	   1660
zuc	   1353
zud	   1944
zue	   2089
zuf	   2285
zug	   1863
zuh	   1490
zui	   1687
zuj	   2562
zuk	   1079
zul	   3029
zum	    852
zun	   1254
zuo	   1371
zup	   2109
zuq	   2403
zur	   1265
zus	   1357
zut	   1631
zuu	   2454
zuv	   3094
zuw	   2154
zux	   2764
zuy	   1908
zuz	   2413
zya	    939
zye	   1388
zyi	   2872
zyo	    360
zyu	    609
zz/	   3970
zza	   2039
zze	   2864
zzi	    428
zzo	   2382
zzu	    308
zzy	   2448
