'	   2461
,	   8651
-	   2008
.	   8997
/	   4288
[	   8997
]	   8997
a	   1122
b	   2143
c	   1622
d	   2116
e	   1586
f	   2773
g	   1972
h	   1688
i	   1127
j	   2460
k	   1618
l	   2234
m	   1828
n	   1360
o	   1218
p	   2406
q	   2564
r	   1585
s	   1537
t	   1497
u	   1050
v	   3475
w	   1891
x	   2049
y	   1685
z	   2262
'--	   1582
'-a	   2666
'-b	   1845
'-c	   1903
'-d	   1861
'-f	   2189
'-g	   2193
'-h	   2133
'-i	   1989
'-j	   1919
'-k	   2164
'-l	   2810
'-m	   1353
'-n	   1005
'-o	   1591
'-p	   1262
'-q	   3359
'-r	    670
'-s	   1743
'-t	   1585
'-w	   1659
'-x	   2454
'-y	   2296
'-z	   1300
'a-	   1548
'aa	   4581
'ab	   2077
'ac	   1525
'ad	   1727
'ae	   3439
'af	   2740
'ag	   2149
'ah	   2634
'ai	    997
'aj	   2233
'ak	   1455
'al	   2044
'am	   1491
'an	    851
'ao	   2086
'ap	   1956
'aq	   2075
'ar	   1281
'as	   1302
'at	   1321
'au	   2533
'av	   2906
'aw	   2282
'ax	   1410
'ay	   2235
'az	   1937
'ba	    697
'bb	   5661
'be	   1175
'bi	   1013
'bo	    884
'bu	    549
'by	   1917
'ca	    848
'cc	   5242
'ce	    901
'ch	   1038
'ci	    747
'co	    765
'cu	   1474
'cy	   1696
'd'	   1921
'da	    593
'dd	   5740
'de	    845
'dh	   1942
'di	   3333
'do	    389
'du	   2520
'dw	   3174
'dy	   3795
'e-	   1911
'ea	   2267
'eb	   2125
'ec	   2069
'ed	   2007
'ee	   5195
'ef	   2671
'eg	   2677
'eh	   2257
'ei	    735
'ej	   3144
'ek	   1027
'el	   2276
'em	   2189
'en	    622
'eo	   4337
'ep	   2785
'eq	   2522
'er	   1630
'es	   1568
'et	   1610
'eu	   3937
'ev	   2630
'ew	   3462
'ex	   1219
'ey	   4380
'ez	   3051
'fa	   1245
'fe	   1633
'ff	   5496
'fi	   1441
'fo	   1152
'fu	    164
'fy	   2906
'ga	    666
'ge	   1282
'gg	   5830
'gi	   1317
'go	    936
'gu	    447
'gw	   4572
'gy	   1842
'ha	    756
'he	   1425
'hh	   6125
'hi	   1012
'ho	    555
'hu	    796
'hw	   1607
'hy	   2028
'i-	    766
'ia	   1283
'ib	   1528
'ic	   1488
'id	   2316
'ie	   2092
'if	   2099
'ig	   2111
'ih	   2084
'ii	   2582
'ij	   2636
'ik	   1576
'il	   2108
'im	   1773
'in	    967
'io	   1898
'ip	   2109
'iq	   2021
'ir	   1598
'is	   1163
'it	   1686
'iu	   2745
'iv	   2561
'iw	   2679
'ix	   1716
'iy	   2543
'iz	   2034
'ja	   1340
'je	   1952
'ji	    233
'jj	   5888
'jo	   1203
'ju	   1388
'jy	   1011
'ka	    833
'ke	   1122
'ki	    555
'kk	   5375
'ko	    756
'ku	   1455
'kw	   4612
'ky	   1142
'la	   2324
'li	   2409
'll	   2962
'lo	   2324
'lt	     21
'lu	   2550
'lw	   2808
'ly	   3073
'ma	    577
'me	    938
'mi	    915
'mo	    574
'mu	   1625
'my	   2068
'n'	   3595
'n-	   4734
'na	    812
'nb	   4774
'nc	   4766
'nd	   4326
'ne	   1156
'nf	   5338
'ng	   3939
'nh	   5197
'ni	    775
'nj	   4750
'nk	   4894
'nm	   5109
'nn	   3487
'no	    401
'np	   4543
'nq	   5429
'nr	   4894
'ns	   4202
'nt	   3917
'nu	   1975
'nw	   5829
'nx	   5234
'ny	   1919
'nz	   4778
'o-	   1163
'oa	   3031
'ob	   1917
'oc	   1715
'od	   2516
'oe	   4432
'of	   2146
'og	   2348
'oh	   2077
'oi	   2226
'oj	   3277
'ok	   1563
'ol	   3168
'om	   2371
'on	    682
'oo	   1023
'op	   2318
'oq	   2357
'or	   1533
'os	   2152
'ot	   1921
'ou	   1363
'ov	   4248
'ow	   1248
'ox	   1306
'oy	   1862
'oz	   2797
'pa	    675
'pe	   1275
'pi	    976
'po	    877
'pp	   4254
'pu	    558
'py	   1934
'qa	   3759
'qe	   3537
'qi	   3363
'qo	   2995
'qq	   4526
'qu	      2
'ra	   1097
're	   1202
'ri	    217
'ro	   1312
'rr	   5465
'ru	   1917
'ry	   1429
'sa	   1078
'se	    986
'sh	    693
'si	    835
'so	   1228
'ss	   5252
'su	    946
'sy	   1324
't'	   2212
'ta	    528
'te	    899
'th	   2255
'ti	   1118
'to	    653
'ts	   1873
'tt	   4261
'tu	   1774
'tw	   3428
'ty	   1700
'u-	    712
'ua	   1667
'ub	   1742
'uc	   1902
'ud	   1815
'ue	   1725
'uf	   2473
'ug	   1955
'uh	   2149
'ui	   1696
'uj	   2487
'uk	   1934
'ul	   1744
'um	   1601
'un	   1321
'uo	   2255
'up	   2174
'uq	   2688
'ur	    897
'us	   1419
'ut	   1865
'uu	   2977
'uv	   2668
'uw	   2128
'ux	   1626
'uy	   2500
'uz	   1863
'va	   1050
've	   1321
'vi	   1066
'vo	   1720
'vu	    290
'vy	   1166
'wa	    521
'we	   1942
'wh	    647
'wi	   1849
'wo	   1218
'wu	    712
'wy	   4634
'xa	   2543
'xi	   2628
'xn	    529
'xo	   2543
'xt	    237
'xu	   2768
'xw	   3026
'xx	   2574
'xy	   3292
'ya	    645
'ye	   3469
'yo	    430
'yu	    599
'z/	   2168
'za	   1110
'ze	   1234
'zi	    381
'zo	   1121
'zu	   1050
'zy	   1156
'zz	   6579
---	    117
--a	   3073
--c	   2386
--d	   3767
--g	   3218
--h	   3767
--i	   1810
--j	   3766
--k	   2466
--l	   2437
--m	   2779
--n	   1173
--o	   3767
--p	   3176
--q	   2669
--r	   2463
--s	   2444
--t	   2259
--u	   3820
--v	   3767
--w	   4918
--x	   2080
--y	   3075
--z	   2953
-a-	    846
-aa	   2787
-ab	   2079
-ac	   1733
-ad	   1672
-ae	   3566
-af	   2421
-ag	   2171
-ah	   2447
-ai	    866
-aj	   2511
-ak	   1599
-al	   2783
-am	   1818
-an	    969
-ao	   2710
-ap	   1561
-aq	   2050
-ar	   1040
-as	   1617
-at	   1919
-au	   2290
-av	   2921
-aw	   2358
-ax	   1974
-ay	   3234
-az	   2334
-ba	    678
-bb	   4737
-be	   1118
-bi	    779
-bo	   1133
-bu	    579
-by	   2440
-ca	    928
-cc	   3811
-ce	   1434
-ch	    961
-ci	    817
-co	   1217
-cu	    614
-cy	   1364
-d'	   1613
-da	   1035
-dd	   4861
-de	    906
-dh	   1611
-di	   3473
-do	    233
-du	   3364
-dw	   3038
-dy	   4353
-e-	   1504
-ea	   2048
-eb	   1856
-ec	   1884
-ed	   2081
-ee	   4598
-ef	   1600
-eg	   2411
-eh	   1636
-ei	   1337
-ej	   2895
-ek	   1701
-el	   2186
-em	   1033
-en	    942
-eo	   3897
-ep	   2780
-eq	   2030
-er	   1037
-es	    839
-et	   2352
-eu	   4650
-ev	   2163
-ew	   3237
-ex	   1811
-ey	   4599
-ez	   2824
-fa	    933
-fe	    989
-fi	   1026
-fo	   1156
-fu	    371
-fy	   2764
-ga	    577
-ge	   1025
-gi	   1516
-go	   1022
-gu	    509
-gw	   3978
-gy	   2032
-ha	    646
-he	   1285
-hh	   4353
-hi	    920
-ho	    890
-hu	    661
-hw	   1512
-hy	   2509
-i-	   1117
-ia	   2100
-ib	   1746
-ic	   1646
-id	   2174
-ie	   1987
-if	   2631
-ig	   2495
-ih	   2427
-ii	   2488
-ij	   2696
-ik	   2027
-il	   2752
-im	   1914
-in	    569
-io	   2231
-ip	   2440
-iq	   2870
-ir	   1552
-is	   1627
-it	   1310
-iu	   3010
-iv	   2967
-iw	   2220
-ix	   1500
-iy	   1794
-iz	   1095
-ja	   1180
-je	   1467
-ji	    255
-jj	   4268
-jo	   1248
-ju	   1097
-jy	   1422
-ka	    887
-ke	   1070
-ki	    711
-kk	   3638
-ko	   1178
-ku	    573
-kw	   4061
-ky	   1414
-la	   1593
-le	   2592
-li	   1172
-lk	   3089
-ll	   3101
-lo	   2285
-lt	    178
-lu	   1389
-lw	   2961
-ly	   1270
-ma	    670
-me	   1070
-mi	   1233
-mm	   5022
-mo	   1370
-mu	    386
-my	   2297
-n'	   1389
-n-	   4461
-na	    742
-nb	   2211
-nc	   2333
-nd	   2425
-ne	   1186
-nf	   2709
-ng	   2529
-nh	   2306
-ni	    951
-nj	   3060
-nk	   2386
-nl	   4697
-nm	   2385
-nn	   1333
-no	    872
-np	   2330
-nq	   3429
-nr	   2187
-ns	   1957
-nt	   2218
-nu	   1592
-nv	   3817
-nw	   2856
-nx	   4672
-ny	   1747
-nz	   1839
-o-	    450
-oa	   2317
-ob	   1111
-oc	   2132
-od	   2280
-oe	   3710
-of	   1995
-og	   2630
-oh	   2126
-oi	   1963
-oj	   2647
-ok	   1987
-ol	   4067
-om	   2171
-on	   1148
-oo	   1553
-op	   1752
-oq	   2975
-or	   1279
-os	   1807
-ot	   2239
-ou	   2039
-ov	   3451
-ow	   2187
-ox	   2152
-oy	   2390
-oz	   2286
-pa	    612
-pe	   1514
-pi	   1262
-po	   1028
-pp	   3602
-pu	    403
-py	   3004
-qa	   3321
-qe	   3321
-qi	   2932
-qo	   2856
-qq	   3638
-qu	      4
-ra	   1007
-re	   1282
-ri	   1068
-ro	   1413
-rr	   4955
-ru	    248
-ry	   2762
-sa	   1080
-se	   1831
-sh	    933
-si	   1212
-so	   1596
-ss	   3798
-su	    373
-sy	   1148
-t'	   1682
-ta	    862
-te	   1319
-th	   1702
-ti	   1280
-to	    379
-ts	   1928
-tt	   3358
-tu	   1205
-tw	   3236
-ty	   1881
-u-	   1538
-ua	   3653
-ub	   2802
-uc	   2391
-ud	   1262
-ue	   1129
-uf	   3833
-ug	   3020
-uh	   3137
-ui	   1164
-uj	   3324
-uk	   2600
-ul	    724
-um	   2109
-un	   1767
-uo	   1965
-up	   3309
-uq	   3601
-ur	   1371
-us	   2048
-ut	   1983
-uu	   4314
-uw	   2735
-ux	    730
-uy	   4003
-uz	   2261
-va	    868
-ve	   1066
-vi	    939
-vo	   1446
-vu	    392
-vy	   1591
-wa	    405
-we	   1062
-wh	    893
-wi	   1067
-wo	   1792
-wu	   1057
-ww	   3426
-wy	   3607
-xa	   3068
-xe	   4067
-xi	   2647
-xk	   4564
-xn	     26
-xo	   3760
-xt	   1653
-xu	   2864
-xw	   4436
-xx	   4575
-xy	   2745
-ya	    483
-ye	   2361
-yo	    625
-yu	    562
-z/	   1894
-za	   1297
-ze	   1318
-zi	    702
-zo	   2228
-zu	    298
-zy	   1865
-zz	   4897
/a-	   1117
/aa	   3149
/ab	   2029
/ac	   1876
/ad	   1524
/af	   2016
/ag	   1907
/ah	   2326
/ai	   1163
/aj	   2429
/ak	   1707
/al	   3850
/am	   1603
/an	    814
/ao	   3149
/ap	   1830
/aq	   2102
/ar	   1011
/as	   1674
/at	   1533
/au	   1849
/av	   2716
/aw	   1892
/ax	   1864
/az	   1537
/ba	    669
/be	    980
/bi	    976
/bo	    956
/bu	    618
/by	   2019
/ca	    756
/ce	   1385
/ch	   1152
/ci	    859
/co	    705
/cu	   1003
/cy	   1410
/d'	   1298
/da	    825
/de	    644
/dh	   1209
/do	    530
/dw	   1894
/e-	   1411
/ea	   1637
/eb	   1965
/ec	   1762
/ed	   1676
/ef	   1915
/eg	   1985
/eh	   2072
/ei	   1510
/ej	   2361
/ek	   1728
/el	   1977
/em	   1276
/en	   1045
/eq	   1948
/er	    833
/es	   1062
/et	   2811
/ev	   1614
/ex	   1809
/ez	   1458
/fa	    741
/fe	   1067
/fi	   1142
/fo	    845
/fu	    524
/fy	   2004
/ga	    651
/ge	   1218
/gi	   1054
/go	   1088
/gu	    580
/gw	   2198
/gy	   1258
/ha	    603
/he	    945
/hi	   1230
/ho	   1009
/hu	    801
/hw	   1331
/hy	   1400
/i-	   1229
/ia	   2789
/ib	   1879
/ic	   2049
/ie	   2097
/if	   2885
/ig	   2101
/ih	   2273
/ij	   2493
/ik	   2101
/il	   2218
/im	   2074
/in	    384
/io	   2791
/iq	   2608
/ir	   1692
/is	   2035
/it	   1558
/iu	   2844
/iv	   1932
/iw	   2763
/ix	   1204
/iy	   1548
/iz	   1540
/ja	    807
/je	    991
/ji	    674
/jo	    806
/ju	   1156
/jy	   1124
/ka	    682
/ke	   1300
/ki	   1012
/ko	    627
/ku	    927
/kw	   3192
/ky	   1173
/ma	    452
/me	   1000
/mi	    832
/mo	    915
/mu	   1430
/my	   1462
/n'	   3995
/na	    616
/nd	   2918
/ne	    862
/ni	   1038
/nn	   3995
/no	    615
/nu	   1471
/ny	   1430
/o-	    862
/oa	   2491
/ob	    492
/oc	   2172
/od	   2463
/oe	   2837
/of	   1827
/og	   2454
/oh	   2091
/oi	   2100
/oj	   2689
/ok	   2368
/om	   2133
/on	    973
/op	   1940
/or	   1240
/os	   2364
/ot	   2728
/ou	   2544
/ow	   3484
/ox	   2118
/oy	   2837
/oz	   1580
/pa	    640
/pe	    947
/pi	    935
/po	    994
/pu	    646
/py	   2500
/qa	   2345
/qe	   2111
/qo	   2379
/qu	     16
/ra	    685
/re	    915
/ri	    778
/ro	    691
/ru	   1071
/ry	   2475
/sa	    833
/se	   1615
/sh	   1139
/si	   1089
/so	   1083
/su	    485
/sy	   1379
/t'	   1325
/ta	    986
/te	    749
/th	   1686
/ti	   1220
/to	    644
/ts	   1859
/tu	   1712
/tw	   1604
/ty	   1311
/u-	   1383
/uc	   2529
/ud	   1731
/ue	   1385
/ui	   1556
/uj	   2604
/ul	    649
/un	   1063
/uo	   2498
/ur	   1445
/us	   1967
/ut	   2428
/ux	    630
/uy	   2599
/uz	   2054
/va	    630
/ve	    950
/vi	    787
/vo	   1072
/vu	    827
/vy	   1476
/wa	    591
/we	   1182
/wh	    677
/wi	    925
/wo	   2900
/wu	    852
/xn	      0
/ya	    895
/ye	   1467
/yo	    475
/yu	    466
/za	    372
/ze	   1667
/zi	    595
/zo	   1635
/zu	   1866
/zy	   1044
^--	    512
^-b	   1435
^-c	   1680
^-d	   1985
^-g	   1982
^-h	   1985
^-j	   1811
^-k	   1783
^-m	   1435
^-n	   1436
^-o	   1985
^-p	   1985
^-r	   1089
^-s	   1437
^-t	   1334
^-u	   2037
^-w	   1938
^-z	   2253
^^,	   7268
^^-	   5630
^^.	   7615
^^a	   1494
^^b	   1689
^^c	   1191
^^d	   1789
^^e	   1983
^^f	   1951
^^g	   1788
^^h	   1279
^^i	   1689
^^j	   1983
^^k	   1222
^^l	   5115
^^m	   1298
^^n	   1479
^^o	   1632
^^p	   1880
^^q	   2472
^^r	   1579
^^s	   1126
^^t	   1232
^^u	   2111
^^v	   2813
^^w	   2102
^^x	   5048
^^y	   1686
^^z	   2065
^a-	   1610
^aa	   3526
^ab	   1715
^ac	   1508
^ad	   1740
^ae	   2927
^af	   2566
^ag	   2034
^ah	   2405
^ai	   1115
^aj	   2329
^ak	   1213
^al	   3099
^am	   1280
^an	   1096
^ao	   1584
^ap	   2000
^aq	   2209
^ar	    993
^as	   1242
^at	   1559
^au	   2411
^av	   2919
^aw	   2147
^ax	   2234
^ay	   1933
^az	   1883
^ba	    659
^bb	   5244
^be	    982
^bi	    869
^bo	   1011
^bu	    666
^by	   1938
^ca	    639
^cc	   5446
^ce	   1152
^ch	   1221
^ci	    777
^co	    783
^cu	   1246
^cy	   1713
^d'	   1605
^da	    510
^dd	   5836
^de	    674
^dh	   1541
^di	   2900
^do	    628
^du	   3122
^dw	   2750
^dy	   3700
^e-	   1765
^ea	   1654
^eb	   1571
^ec	   1665
^ed	   1502
^ee	   3387
^ef	   2215
^eg	   1860
^eh	   1775
^ei	   1161
^ej	   2779
^ek	   1512
^el	   2623
^em	   1436
^en	    822
^eo	   3350
^ep	   2214
^eq	   2136
^er	    948
^es	   1330
^et	   1632
^eu	   2894
^ev	   2267
^ew	   3589
^ex	   1910
^ey	   3552
^ez	   2214
^fa	   1054
^fe	   1410
^ff	   6021
^fi	   1410
^fo	   1397
^fu	    183
^fy	   2584
^ga	    707
^ge	    950
^gg	   5838
^gi	   1060
^go	    782
^gu	    749
^gw	   3763
^gy	   1453
^ha	    583
^he	   1466
^hh	   5889
^hi	    700
^ho	    804
^hu	    926
^hw	   2153
^hy	   1975
^i-	   1808
^ia	   2780
^ib	   1649
^ic	   1243
^id	   2057
^ie	   2191
^if	   3442
^ig	   1984
^ih	   2623
^ii	   1712
^ij	   2488
^ik	   1338
^il	   2349
^im	   1571
^in	    881
^io	   1976
^ip	   2375
^iq	   2566
^ir	   1473
^is	   1204
^it	    964
^iu	   3420
^iv	   2708
^iw	   1398
^ix	   1934
^iy	   2102
^iz	   1616
^ja	   1050
^je	   1244
^ji	    495
^jj	   5990
^jo	    819
^ju	   1017
^jy	   1157
^ka	    654
^ke	   1169
^ki	    637
^kk	   5168
^ko	    822
^ku	   1252
^kw	   4181
^ky	   1265
^la	    628
^le	   1210
^li	    990
^lk	   1577
^ll	   2509
^lo	   1149
^lt	   1783
^lu	   1373
^lw	   2038
^ly	    735
^ma	    525
^me	   1113
^mi	    589
^mm	   6328
^mo	    952
^mu	   1303
^my	   2175
^n'	   4602
^n-	   4488
^na	    470
^nb	   4770
^nc	   5288
^nd	   4674
^ne	   1184
^nf	   5578
^ng	   4435
^nh	   5297
^ni	    565
^nj	   4934
^nk	   5387
^nl	   5981
^nm	   4582
^nn	   4305
^no	   1015
^np	   5295
^nq	   6817
^nr	   5921
^ns	   5224
^nt	   5038
^nu	   1778
^nx	   5585
^ny	   1708
^nz	   5127
^o-	   1268
^oa	   3180
^ob	   1930
^oc	   1408
^od	   1910
^oe	   3271
^of	   2374
^og	   1721
^oh	   2108
^oi	   1887
^oj	   2886
^ok	   1324
^ol	   3358
^om	   1602
^on	   1321
^oo	    650
^op	   2258
^oq	   2305
^or	   1375
^os	   1489
^ot	   1511
^ou	   1575
^ov	   4058
^ow	   2018
^ox	   2574
^oy	   2126
^oz	   2196
^pa	    588
^pe	    978
^pi	    972
^po	    972
^pp	   3968
^pu	    691
^py	   2164
^qa	   2845
^qe	   3250
^qi	   2494
^qo	   2413
^qq	   5010
^qu	      9
^ra	    740
^re	    850
^ri	    679
^ro	    849
^ru	   1272
^ry	   1315
^sa	    626
^se	   1285
^sh	   1042
^si	    942
^so	   1241
^ss	   5162
^su	    763
^sy	   1397
^t'	   2368
^ta	    610
^te	   1104
^th	   2505
^ti	   1189
^to	    551
^ts	   1960
^tt	   4501
^tu	   1162
^tw	   2992
^ty	   1675
^u-	   2060
^ua	   3642
^ub	   2041
^uc	   1558
^ud	   1777
^ue	   1160
^uf	   3411
^ug	   2146
^uh	   2668
^ui	   1600
^uj	   2417
^uk	   1545
^ul	   1518
^um	   1212
^un	   1341
^uo	   1840
^up	   2983
^uq	   3414
^ur	   1027
^us	   1304
^ut	    949
^uu	   3646
^uv	   4138
^uw	   2003
^ux	   1490
^uy	   2829
^uz	   1884
^va	    683
^ve	   1077
^vi	    653
^vo	   1322
^vu	    754
^vy	   1357
^wa	    287
^we	   1574
^wh	    972
^wi	   1342
^wo	   2734
^wu	    866
^wy	   3157
^xa	    695
^xe	   1277
^xi	   1057
^xk	   1645
^xn	   1033
^xo	   1217
^xt	   1851
^xu	   1441
^xw	   2106
^xx	   2577
^xy	    803
^ya	    452
^ye	   2989
^yo	    574
^yu	    644
^z/	   5203
^z[	   5549
^z]	   5549
^za	    868
^ze	    707
^zh	   5549
^zi	    508
^zj	   5549
^zk	   5549
^zl	   5549
^zo	   1484
^zu	   1478
^zy	   1077
^zz	   5357
a--	   3187
a-a	   2373
a-b	   1321
a-c	   1386
a-d	   1220
a-e	   2598
a-f	   2029
a-g	   1772
a-h	   1862
a-i	   2492
a-j	   1916
a-k	   1423
a-l	   4168
a-m	   1339
a-n	   1283
a-o	   2582
a-p	   1887
a-q	   1914
a-r	   1054
a-s	   1219
a-t	   1050
a-u	   2791
a-v	   2662
a-w	   2434
a-x	   3066
a-y	   2726
a-z	   1433
aa-	   1851
aaa	   2430
aab	   2166
aac	   1603
aad	   2262
aae	   2888
aaf	   2843
aag	   2015
aah	   2761
aai	   1162
aaj	   2616
aak	    762
aal	   3170
aam	   1623
aan	   1218
aao	   1967
aap	   2252
aaq	   2524
aar	   1155
aas	   1314
aat	   1232
aau	   2715
aav	   3205
aaw	   2193
aax	   2311
aay	   1252
aaz	   1893
aba	    747
abb	   3057
abe	    971
abi	    930
abo	   1322
abu	    468
aby	   2224
aca	    710
acc	   1211
ace	   1510
ach	   1271
aci	    746
aco	   1244
acu	    778
acy	   1862
ad'	   1950
ada	    355
add	   1767
ade	   1041
adh	   1976
adi	   2620
ado	    705
adu	   1377
adw	   2995
ady	   3605
ae-	   2570
aea	   2456
aeb	   1519
aec	   1400
aed	   1406
aee	   2096
aef	   2785
aeg	   1969
aeh	   2002
aei	   1342
aej	   2731
aek	    945
ael	   2952
aem	   1456
aen	   1148
aeo	   2812
aep	   3120
aeq	   2861
aer	    874
aes	   1312
aet	   1506
aeu	   2945
aev	   3149
aew	   2763
aex	   2198
aey	   1581
aez	   2165
afa	   1293
afe	    775
aff	   1572
afi	   1157
afo	   1494
afu	    330
afy	   2661
aga	    393
age	   1155
agg	   2033
agi	    997
ago	    997
agu	    964
agw	   4702
agy	   2260
aha	    539
ahe	   1745
ahh	   1975
ahi	    627
aho	    947
ahu	    957
ahw	   1962
ahy	   2416
ai-	   3419
aia	   1912
aib	   1610
aic	   1182
aid	   1385
aie	   2109
aif	   2321
aig	   1286
aih	   1617
aii	   1883
aij	   1978
aik	   1292
ail	   3775
aim	   1656
ain	   1226
aio	   2191
aip	   2131
aiq	   2461
air	   1319
ais	   1091
ait	   1148
aiu	   2952
aiv	   3150
aiw	   2369
aix	   2519
aiy	   1800
aiz	   1680
aja	   1529
aje	   1928
aji	    205
ajj	   2338
ajo	   1141
aju	   1147
ajy	   1437
aka	    784
ake	    862
aki	    675
akk	   1238
ako	   1315
aku	    866
akw	   5481
aky	   1909
ala	   2435
ale	   4678
ali	   3526
alk	   5323
all	   4765
alo	   4030
alt	      7
alu	   2553
alw	   5440
aly	   3921
ama	    385
ame	   1237
ami	    690
amm	   4629
amo	   1250
amu	   1079
amy	   2757
an'	    967
an-	   4938
ana	   1043
anb	   1921
anc	   1709
and	   1466
ane	   1591
anf	   2891
ang	   1855
anh	   2253
ani	   1380
anj	   2161
ank	   1712
anl	   5351
anm	   2216
ann	    901
ano	   1204
anp	   1885
anq	   2849
anr	   2154
ans	   1529
ant	   1536
anu	   2441
anv	   3642
anw	   3034
anx	   5143
any	   2415
anz	   2051
ao-	   1994
aoa	   2677
aob	   1895
aoc	    986
aod	   2313
aoe	   2678
aof	   2861
aog	   2118
aoh	   2146
aoi	   1578
aoj	   2578
aok	    881
aol	   3688
aom	   1286
aon	   1215
aoo	   1659
aop	   2539
aoq	   2844
aor	   1119
aos	   1316
aot	   1504
aou	   1817
aov	   4526
aow	   2143
aox	   2206
aoy	   1555
aoz	   2126
apa	    648
ape	   1578
api	   1203
apo	   1158
app	    570
apu	    879
apy	   2763
aqa	   4561
aqe	   5261
aqi	   3854
aqo	   4397
aqq	   1272
aqu	     41
ara	    668
are	   1114
ari	    752
aro	   1282
arr	   3322
aru	    583
ary	   1994
asa	    748
ase	   1485
ash	    981
asi	    747
aso	   1568
ass	   1693
asu	    692
asy	   1709
at'	   2551
ata	    721
ate	   1255
ath	   2619
ati	    953
ato	    908
ats	   1335
att	   1414
atu	    792
atw	   3507
aty	   1820
au-	   2674
aua	   2435
aub	   2414
auc	   1978
aud	   1552
aue	   1969
auf	   2952
aug	   2393
auh	   2641
aui	   2325
auj	   2375
auk	   2321
aul	   2332
aum	   1734
aun	    612
auo	   2668
aup	   2804
auq	   3633
aur	   1176
aus	    783
aut	   1041
auu	   3409
auv	   3824
auw	   2737
aux	   1563
auy	   3166
auz	   1767
ava	    784
ave	   1051
avi	    774
avo	   1480
avu	    527
avv	   4000
avy	   1430
awa	     67
awe	   2738
awh	   1612
awi	   2979
awo	   1883
awu	   1442
aww	   4719
awy	   4012
axa	   2780
axe	   5023
axi	   3870
axk	   5668
axn	    326
axo	   4374
axt	    376
axu	   2898
axw	   5784
axx	   4976
axy	   4265
aya	    245
aye	   3605
ayo	    871
ayu	    775
ayy	   4898
az/	   1991
aza	    635
aze	   1335
azi	    628
azo	   1430
azu	    674
azy	   1834
azz	   2652
ba-	    969
baa	   2817
bab	   2161
bac	   1369
bad	   2159
bae	   2641
baf	   2908
bag	   1973
bah	   2290
bai	   1291
baj	   2620
bak	   1463
bal	   2387
bam	   2038
ban	    958
bao	   2932
bap	   3028
baq	   2167
bar	    935
bas	   1134
bat	   1355
bau	   2539
bav	   4108
baw	   2789
bax	   1857
bay	   1713
baz	   2444
bba	    596
bbe	   1129
bbi	    919
bbo	   1355
bbu	    519
bby	   2169
be-	   1336
bea	   1990
beb	   2016
bec	   1525
bed	   2098
bee	   2119
bef	   3148
beg	   2243
beh	   2229
bei	   1409
bej	   2518
bek	   1734
bel	   2227
bem	   2137
ben	    957
beo	   2401
bep	   2675
beq	   2673
ber	    763
bes	   1291
bet	    914
beu	   3353
bev	   3904
bew	   3372
bex	   1829
bey	   2051
bez	   2488
bi-	   1017
bia	   1743
bib	   2085
bic	   1598
bid	   1805
bie	   2241
bif	   2989
big	   1795
bih	   2170
bii	   2546
bij	   1456
bik	   1495
bil	   1484
bim	   2340
bin	   1117
bio	   2228
bip	   3033
biq	   2439
bir	   1178
bis	   1173
bit	   1362
biu	   2906
biv	   3949
biw	   2272
bix	   1410
biy	   1770
biz	   1575
bo-	   1015
boa	   2529
bob	   2102
boc	   1450
bod	   1793
boe	   2636
bof	   3231
bog	   2430
boh	   2475
boi	   2051
boj	   2755
bok	   1547
bol	   2537
bom	   2133
bon	   1178
boo	   3577
bop	   3028
boq	   1846
bor	   1087
bos	   1465
bot	   1406
bou	    867
bov	   3631
bow	   1122
box	   2106
boy	   2557
boz	   2771
bu-	   1912
bua	   2504
bub	   2312
buc	   1454
bud	   2065
bue	   2613
buf	   2425
bug	   2340
buh	   2033
bui	   2279
buj	   2536
buk	   1589
bul	   2371
bum	   2128
bun	   1036
buo	   2623
bup	   2673
buq	   2524
bur	    478
bus	   1324
but	   1078
buu	   3087
buv	   3889
buw	   2883
bux	   1773
buy	   2177
buz	   2302
bya	   1404
bye	   2937
byi	   1758
byo	    273
byu	    556
ca-	   1735
caa	   2980
cab	   1832
cac	   1477
cad	   2034
cae	   2180
caf	   2327
cag	   1648
cah	   2000
cai	    994
caj	   2456
cak	   1552
cal	   2767
cam	   1359
can	    866
cao	   2364
cap	   2524
caq	   2299
car	   1311
cas	   1405
cat	   1398
cau	   2780
cav	   3666
caw	   1454
cax	   1709
cay	   1969
caz	   1791
cca	   1127
ccc	   5249
cce	   1611
cch	   1505
cci	   1385
cco	    505
ccu	    514
ccy	   1902
ce-	   2268
cea	   3105
ceb	   2327
cec	   2031
ced	   2586
cee	   3557
cef	   3033
ceg	   2415
ceh	   2744
cei	    604
cej	   3474
cek	   1355
cel	   2350
cem	   2218
cen	    578
ceo	   3063
cep	   2813
ceq	   3075
cer	   1450
ces	   1958
cet	   1341
ceu	   3550
cev	   3632
cew	   3403
cex	   1312
cey	   2303
cez	   3045
cha	   1396
che	   1937
chi	    184
cho	    992
chu	   1211
ci-	   1879
cia	   2234
cib	   2053
cic	   1548
cid	   2025
cie	   2362
cif	   2893
cig	   1908
cih	   1998
cii	   2306
cij	   2528
cik	   1376
cil	    986
cim	   1241
cin	   1002
cio	   2121
cip	   2917
ciq	   2898
cir	   1079
cis	   1684
cit	   1483
ciu	   3026
civ	   4110
ciw	   2540
cix	   1001
ciy	   2162
ciz	   2005
co-	   1771
coa	   2843
cob	   2183
coc	   1546
cod	   2277
coe	   3067
cof	   2952
cog	   2359
coh	   2156
coi	   2286
coj	   2846
cok	   1743
col	   2869
com	   1598
con	   1391
coo	   2870
cop	   2714
coq	   2002
cor	   1641
cos	   1932
cot	   1706
cou	    636
cov	   3516
cow	    599
cox	   2308
coy	   2508
coz	   2607
cu-	   2321
cua	   2283
cub	   1555
cuc	   1234
cud	   1775
cue	   1852
cuf	   2406
cug	   1846
cuh	   1746
cui	   1733
cuj	   1937
cuk	   1569
cul	   2826
cum	   1441
cun	   1549
cuo	   2022
cup	   2569
cuq	   3213
cur	    804
cus	    893
cut	   1330
cuu	   2243
cuv	   3613
cuw	   2008
cux	   2682
cuy	   2122
cuz	   1883
cya	    805
cye	   1345
cyi	   3081
cyo	    405
cyu	    625
d'i	     54
d'u	   1244
d'y	   1967
da-	   1355
daa	   2483
dab	   2092
dac	   1496
dad	   2486
dae	   2697
daf	   2994
dag	   2270
dah	   2086
dai	    514
daj	   2672
dak	   1540
dal	   2902
dam	   1455
dan	   1007
dao	   2595
dap	   2906
daq	   2678
dar	   1599
das	   1447
dat	   1483
dau	   2353
dav	   3225
daw	   2410
dax	   1942
day	   2012
daz	   2710
dd'	   2278
dda	   1863
dde	   2238
ddh	   2310
ddi	   2091
ddo	     38
ddu	   2943
ddw	   3630
ddy	   4775
de-	   1462
dea	   2114
deb	   1882
dec	   1866
ded	   2279
dee	   3462
def	   2757
deg	   2300
deh	   2160
dei	   1500
dej	   2248
dek	   1680
del	   1293
dem	   1641
den	    665
deo	   1962
dep	   2439
deq	   2965
der	   1181
des	   1497
det	   1986
deu	   3131
dev	   2402
dew	   2810
dex	   1071
dey	   2265
dez	   1624
dha	   4277
dhe	   2892
dhi	     66
dho	   4304
dhu	   1052
di-	   1922
dia	   1797
dib	   1936
dic	   1050
did	   1920
die	   2010
dif	   2351
dig	   1752
dih	   1960
dii	   2171
dij	   2638
dik	   1063
dil	   1998
dim	   1157
din	   1328
dio	   1556
dip	   2695
diq	   2506
dir	   1541
dis	   1207
dit	   1644
diu	   2352
div	   3584
diw	   1987
dix	   1910
diy	   1214
diz	   2006
do-	   1892
doa	   2037
dob	   1718
doc	   1541
dod	   2151
doe	   2542
dof	   2341
dog	   1871
doh	   1942
doi	   2218
doj	   2533
dok	   1545
dol	   2703
dom	   1554
don	   1512
doo	   2027
dop	   2135
doq	   2348
dor	    883
dos	   1554
dot	   1880
dou	    816
dov	   2807
dow	    947
dox	   2473
doy	   2590
doz	   2490
du-	   3595
dua	   3048
dub	   2602
duc	    910
dud	   2904
due	   2448
duf	   4014
dug	   2021
duh	   2251
dui	   2427
duj	   2974
duk	    497
dul	   3742
dum	   1025
dun	   1849
duo	   2668
dup	   3658
duq	   1888
dur	   1159
dus	   1668
dut	   1468
duu	   2873
duv	   4366
duw	   2614
dux	   3714
duy	   1769
duz	   2965
dwa	   2908
dwe	   3261
dwi	   2429
dwo	   2024
dwu	     15
dya	    195
dye	   1774
dyi	   1906
dyo	    969
dyu	   1022
e--	   3401
e-a	   2671
e-b	   1505
e-c	   1519
e-d	   1583
e-e	   2872
e-f	   2786
e-g	   2372
e-h	   2557
e-i	   2976
e-j	   1429
e-k	   1567
e-l	   4018
e-m	   1328
e-n	   1345
e-o	   3010
e-p	   1801
e-q	   2649
e-r	   1078
e-s	    759
e-t	    999
e-u	   3591
e-v	   2542
e-w	   3227
e-x	   2585
e-y	   2679
e-z	   1344
ea-	    923
eaa	   2222
eab	   1775
eac	   1636
ead	   1976
eae	   1993
eaf	   2267
eag	   1443
eah	   1904
eai	   1361
eaj	   2555
eak	   1287
eal	   2854
eam	   1629
ean	   1451
eao	   2275
eap	   1798
eaq	   2626
ear	    918
eas	   1370
eat	   1460
eau	   2276
eav	   3311
eaw	   1715
eax	   2507
eay	   2245
eaz	   2299
eba	    684
ebb	   2752
ebe	   1282
ebi	    603
ebo	   1123
ebu	    729
eby	   1792
eca	    984
ecc	    988
ece	   1647
ech	   1248
eci	    816
eco	    819
ecu	    862
ecy	   1671
ed'	   1229
eda	    583
edd	    955
ede	    882
edh	   1231
edi	   2755
edo	    922
edu	   1710
edw	   2826
edy	   3633
ee-	   2121
eea	   2082
eeb	   1730
eec	   1780
eed	   1746
eee	   2559
eef	   2449
eeg	   2499
eeh	   2194
eei	   1220
eej	   2697
eek	    511
eel	   3070
eem	   1553
een	   1209
eeo	   2966
eep	   2327
eeq	   2450
eer	   1317
ees	   1122
eet	   1804
eeu	   3159
eev	   3281
eew	   2966
eex	   2298
eey	   2295
eez	   2314
efa	   1026
efe	   1434
eff	   2463
efi	   1357
efo	   1492
efu	    186
efy	   2913
ega	    371
ege	   1727
egg	   1721
egi	   1231
ego	   1134
egu	    685
egw	   4135
egy	   2011
eha	    598
ehe	   1764
ehh	   2841
ehi	    638
eho	   1174
ehu	    669
ehw	   1939
ehy	   2408
ei-	   3376
eia	   2166
eib	   1588
eic	   1059
eid	   1619
eie	   2093
eif	   2472
eig	   1550
eih	   1569
eii	   2146
eij	   1635
eik	   1097
eil	   4204
eim	   1739
ein	   1401
eio	   2384
eip	   2355
eiq	   2506
eir	   1394
eis	    951
eit	   1240
eiu	   2920
eiv	   2621
eiw	   2243
eix	   2790
eiy	   1839
eiz	   1476
eja	   1219
eje	   1673
eji	    269
ejj	   1167
ejo	   1447
eju	   1177
ejy	   1521
eka	   1316
eke	   1452
eki	    268
ekk	   1295
eko	   1148
eku	   1184
ekw	   5071
eky	   1962
ela	   3953
ele	   2582
eli	    593
elk	   5406
ell	   3750
elo	   4640
elt	    395
elu	   3251
ely	    727
ema	    772
eme	   1346
emi	    712
emm	   4083
emo	    789
emu	    663
emy	   2530
en'	    781
en-	   5205
ena	   1797
enb	   2035
enc	   1529
end	   1824
ene	   2062
enf	   3173
eng	   1866
enh	   2319
eni	   1746
enj	   1878
enk	   1601
enl	   5669
enm	   1958
enn	    751
eno	   1589
enp	   2255
enq	   3469
enr	   1505
ens	   1412
ent	   1290
enu	   2418
env	   4160
enw	   2968
enx	   5394
eny	   2299
enz	   1824
eo-	   1701
eoa	   2282
eob	   1912
eoc	   1278
eod	   1587
eoe	   2464
eof	   2227
eog	   2155
eoh	   2040
eoi	   1871
eoj	   2444
eok	   1258
eol	   3698
eom	   1627
eon	    802
eoo	   1569
eop	   1557
eoq	   2528
eor	   1129
eos	   1395
eot	   1222
eou	   2091
eov	   2957
eow	   2473
eox	   1884
eoy	   2277
eoz	   2357
epa	    885
epe	   1396
epi	   1124
epo	    922
epp	    671
epu	    714
epy	   2666
eqa	   3937
eqi	   3135
eqo	   4358
eqq	    693
equ	    145
era	   1105
ere	   1074
eri	    861
ero	   1198
err	   2430
eru	    398
ery	   1536
esa	   1207
ese	   1935
esh	   1277
esi	   1122
eso	   1770
ess	   1288
esu	    279
esy	   1764
et'	   2320
eta	   1113
ete	   1524
eth	   2335
eti	   1585
eto	   1172
ets	   1051
ett	    660
etu	    630
etw	   3920
ety	   2091
eu-	   2658
eua	   3030
eub	   2651
euc	   1357
eud	   1829
eue	   1871
euf	   2817
eug	   2155
euh	   2619
eui	   2215
euj	   2110
euk	   2009
eul	   1892
eum	   1355
eun	   1480
euo	   2171
eup	   2776
euq	   3095
eur	   1007
eus	    929
eut	    591
euu	   4169
euv	   3169
euw	   3410
eux	   1817
euy	   2736
euz	   2054
eva	    767
eve	   1370
evi	    668
evo	   1416
evu	    549
evy	   1363
ewa	    470
ewe	   2204
ewh	   1330
ewi	   2148
ewo	    462
ewu	   1094
eww	   3573
ewy	   2651
exa	   4550
exe	   3179
exi	   1206
exk	   6003
exn	    170
exo	   5237
ext	   1028
exu	   3848
exx	   4306
exy	   1333
eya	    616
eye	   3644
eyo	    252
eyu	   1128
eyy	   4864
ez/	   2031
eza	    536
eze	   1464
ezi	    626
ezo	   1154
ezu	   1040
ezy	   1856
ezz	   1465
fa-	    867
faa	   3131
fab	   1822
fac	   1899
fad	   2640
fae	   2416
faf	   3346
fag	   3003
fah	   2927
fai	    753
faj	   2833
fak	   1991
fal	   2225
fam	   1341
fan	    772
fao	   3375
fap	   2992
faq	   2110
far	   1318
fas	   1434
fat	   2080
fau	   2292
fav	   3221
faw	   2868
fax	   1711
fay	   3433
faz	   2616
fe-	   1588
fea	   1227
feb	   2113
fec	   1809
fed	   1643
fee	   2863
fef	   2828
feg	   2515
feh	   2584
fei	   1026
fej	   2971
fek	   1849
fel	   2894
fem	   1826
fen	   1040
feo	   2400
fep	   2435
feq	   2050
fer	    701
fes	   1109
fet	   1575
feu	   3080
fev	   3120
few	   3130
fex	   2310
fey	   3300
fez	   2014
ffa	    879
ffe	    918
ffi	   1020
ffo	   1634
ffu	    346
ffy	   3811
fi-	    802
fia	   1598
fib	   2666
fic	   1659
fid	   2315
fie	   2458
fif	   2733
fig	   1744
fih	   2756
fii	   3247
fij	   2717
fik	   1818
fil	   1995
fim	   2769
fin	   1043
fio	   2127
fip	   3438
fiq	   1986
fir	    823
fis	    956
fit	   1357
fiu	   3297
fiv	   4458
fiw	   3949
fix	   1823
fiy	   2582
fiz	   2383
fo-	    407
foa	   2147
fob	   2555
foc	   2226
fod	   3136
foe	   3428
fof	   3341
fog	   2238
foh	   3711
foi	   2416
foj	   3583
fok	   2295
fol	   3059
fom	   1862
fon	    874
foo	   4077
fop	   3230
foq	   2540
for	    942
fos	   1876
fot	   1265
fou	   3326
fov	   3783
fow	   2561
fox	   1998
foy	   4973
foz	   3299
fu-	   2128
fua	   2725
fub	   2567
fuc	   1159
fud	   2108
fue	   2477
fuf	   3103
fug	   2373
fuh	   2551
fui	   2678
fuj	   1647
fuk	   1253
ful	   1177
fum	   1803
fun	   1579
fuo	   2957
fup	   2872
fuq	   1636
fur	    779
fus	   1659
fut	   1320
fuu	   1969
fuv	   3823
fuw	   2163
fux	   1188
fuy	   2453
fuz	   1442
fya	   1659
fyo	   1437
fyu	     48
ga-	   1727
gaa	   3082
gab	   2723
gac	   1019
gad	   2679
gae	   2556
gaf	   3498
gag	   2997
gah	   2298
gai	   1408
gaj	   3002
gak	   1134
gal	   1008
gam	   1721
gan	   1452
gao	   2052
gap	   3185
gaq	   1628
gar	   1635
gas	   1386
gat	   1504
gau	   3062
gav	   3921
gaw	   1359
gax	   1010
gay	   2235
gaz	   2874
ge-	   1301
gea	   2684
geb	   2435
gec	   1882
ged	   2369
gee	   2913
gef	   3420
geg	   2615
geh	   2205
gei	   1265
gej	   2783
gek	   1258
gel	   2574
gem	   1993
gen	    506
geo	   2058
gep	   3043
geq	   3465
ger	   1236
ges	   1734
get	   1308
geu	   3132
gev	   3945
gew	   2973
gex	   1354
gey	   1898
gez	   2525
gga	   1722
gge	   2265
ggi	   2326
ggo	   2519
ggu	     30
ggy	   3297
gi-	   1916
gia	   2037
gib	   2240
gic	   1501
gid	   2149
gie	   2695
gif	   1964
gig	   2097
gih	   1764
gii	   2164
gij	   1551
gik	   1468
gil	    931
gim	   1737
gin	   1055
gio	   2286
gip	   3271
giq	   2895
gir	   1376
gis	   1436
git	   1517
giu	   2653
giv	   3866
giw	   2223
gix	    968
giy	   1900
giz	   1703
go-	   1475
goa	   2840
gob	   2193
goc	   1241
god	   2123
goe	   2037
gof	   2902
gog	   1955
goh	   2037
goi	   2208
goj	   2119
gok	   1324
gol	   3203
gom	   1645
gon	   1344
goo	   2383
gop	   2996
goq	   1956
gor	   1194
gos	   1331
got	   1477
gou	    950
gov	   3614
gow	   1067
gox	   2441
goy	   1668
goz	   2040
gu-	   2271
gua	   2185
gub	   1924
guc	   1499
gud	   1925
gue	   2465
guf	   2403
gug	   2386
guh	   2021
gui	   2252
guj	   2409
guk	   1989
gul	   2979
gum	   1497
gun	    974
guo	   2495
gup	   2100
guq	   3013
gur	    545
gus	   1280
gut	   1223
guu	   1976
guv	   3368
guw	   1968
gux	   1819
guy	   2939
guz	   2019
gwa	      0
gya	    949
gye	   3827
gyi	   2988
gyo	    134
gyu	   1242
ha-	   1489
haa	   3092
hab	   2115
hac	   1288
had	   2189
hae	   2939
haf	   3269
hag	   1932
hah	   2492
hai	   1335
haj	   2484
hak	   1560
hal	   2375
ham	   1323
han	    873
hao	   2867
hap	   2242
haq	   2029
har	    918
has	   1521
hat	   1170
hau	   1848
hav	   3835
haw	   2190
hax	   1881
hay	   1815
haz	   2097
he-	   1822
hea	   1281
heb	   1754
hec	   2092
hed	   1548
hee	   2779
hef	   2909
heg	   2588
heh	   2618
hei	    671
hej	   2647
hek	   1680
hel	   2429
hem	   2196
hen	    803
heo	   3699
hep	   2579
heq	   2801
her	    959
hes	   1852
het	   1953
heu	   3601
hev	   2453
hew	   3646
hex	   1609
hey	   2373
hez	   2402
hha	    606
hhe	   1677
hhh	   4067
hhi	    792
hho	   1098
hhu	    603
hhw	   1669
hhy	   2050
hi-	   1748
hia	   2303
hib	   1980
hic	   1554
hid	   1904
hie	   2346
hif	   2816
hig	   1438
hih	   2133
hii	   2585
hij	   2460
hik	   1409
hil	    921
him	   1553
hin	   1241
hio	   2440
hip	   2783
hiq	   2730
hir	    976
his	   1581
hit	   1556
hiu	   3174
hiv	   3632
hiw	   2723
hix	    922
hiy	   2320
hiz	   2177
ho-	   1482
hoa	   2863
hob	   2671
hoc	   1641
hod	   2613
hoe	   3071
hof	   3476
hog	   2554
hoh	   2782
hoi	   2409
hoj	   3046
hok	   1560
hol	   2015
hom	   2551
hon	    878
hoo	   3182
hop	   2237
hoq	   2118
hor	   1676
hos	   1780
hot	   1346
hou	    661
hov	   4230
how	    908
hox	   1631
hoy	   3007
hoz	   2622
hu-	   2299
hua	   2552
hub	   1905
huc	   1184
hud	   1876
hue	   2029
huf	   2809
hug	   1031
huh	   1790
hui	   1907
huj	   1757
huk	   1188
hul	   1772
hum	   1848
hun	   1585
huo	   2212
hup	   2932
huq	   2196
hur	   1236
hus	   1240
hut	   1212
huu	   1680
huv	   3696
huw	   1797
hux	   1717
huy	   2196
huz	   1636
hwa	    507
hwe	    841
hwi	    728
hwo	    788
hwy	   2188
hya	    742
hye	   2367
hyi	   2843
hyo	    243
hyu	    957
i--	   3568
i-a	   1949
i-b	   1465
i-c	   1502
i-d	   1504
i-e	   1841
i-f	   2069
i-g	   1790
i-h	   1768
i-i	   2503
i-j	   2065
i-k	   1559
i-l	   4402
i-m	   1337
i-n	   1004
i-o	   2262
i-p	   1667
i-q	   2074
i-r	   1169
i-s	   1240
i-t	   1121
i-u	   2698
i-v	   2307
i-w	   2238
i-x	   2466
i-y	   2459
i-z	   1332
ia-	   1432
iaa	   2524
iab	   2025
iac	   1789
iad	   2121
iae	   2190
iaf	   2485
iag	   1392
iah	   2201
iai	   1055
iaj	   2582
iak	   1327
ial	   2956
iam	   1260
ian	    881
iao	   2138
iap	   2123
iaq	   2692
iar	   1189
ias	   1390
iat	   1462
iau	   2521
iav	   3225
iaw	   1692
iax	   1945
iay	   2056
iaz	   2206
iba	    477
ibb	   3702
ibe	   1285
ibi	    938
ibo	   1117
ibu	    675
iby	   1992
ica	    758
icc	   1462
ice	   1325
ich	   1006
ici	    721
ico	    886
icu	   1232
icy	   1720
id'	   2313
ida	    521
idd	   1737
ide	    942
idh	   2322
idi	   2648
ido	    490
idu	   1375
idw	   3496
idy	   3613
ie-	   1461
iea	   2724
ieb	   2259
iec	   1979
ied	   1851
iee	   3370
ief	   2407
ieg	   2415
ieh	   2169
iei	   1008
iej	   2872
iek	   1087
iel	   2548
iem	   1699
ien	    656
ieo	   3142
iep	   2856
ieq	   2967
ier	   1125
ies	   1606
iet	   1326
ieu	   3191
iev	   2946
iew	   3157
iex	   1439
iey	   2522
iez	   2587
ifa	   1193
ife	   1598
iff	   2614
ifi	   1451
ifo	   1247
ifu	    163
ify	   2766
iga	    271
ige	   1209
igg	   2294
igi	   1178
igo	   1187
igu	   1162
igw	   4724
igy	   1687
iha	    666
ihe	   1599
ihh	   2725
ihi	    814
iho	    520
ihu	   1067
ihw	   2322
ihy	   2131
ii-	   2644
iia	   2406
iib	   2277
iic	   1151
iid	   1626
iie	   2396
iif	   3195
iig	   1410
iih	   1999
iii	   2053
iij	   2387
iik	   1232
iil	   2401
iim	   1793
iin	    835
iio	   2485
iip	   2675
iiq	   2166
iir	   1254
iis	   1429
iit	    931
iiu	   3493
iiv	   3823
iiw	   2083
iix	   1652
iiy	   2086
iiz	   1781
ija	   1907
ije	   2160
iji	    303
ijj	   2374
ijo	    902
iju	    987
ijy	   1114
ika	    773
ike	    851
iki	    667
ikk	   1476
iko	    897
iku	   1255
ikw	   5391
iky	   1584
ila	   4156
ile	   2051
ili	   3288
ilk	   5712
ill	   5864
ilo	   4594
ilt	   1264
ilu	   4672
ilw	   6219
ily	     51
ima	    412
ime	   1076
imi	    909
imm	   4613
imo	    937
imu	   1044
imy	   2529
in'	   1007
in-	   5077
ina	   1041
inb	   2152
inc	   1713
ind	   1983
ine	   1588
inf	   2839
ing	   1297
inh	   2413
ini	   1287
inj	   2021
ink	   1714
inl	   5595
inm	   2283
inn	    969
ino	    990
inp	   2296
inq	   2846
inr	   2274
ins	   1722
int	   1687
inu	   2246
inv	   3923
inw	   3082
inx	   5316
iny	   2252
inz	   2062
io-	   1560
ioa	   2350
iob	   1916
ioc	   1314
iod	   1926
ioe	   2627
iof	   2522
iog	   1951
ioh	   2073
ioi	   1958
ioj	   2570
iok	   1278
iol	   3446
iom	   1752
ion	    730
ioo	   1401
iop	   2129
ioq	   2465
ior	   1310
ios	   1477
iot	   1413
iou	   1418
iov	   3259
iow	   1700
iox	   1722
ioy	   2071
ioz	   2263
ipa	    833
ipe	   1296
ipi	   1214
ipo	   1307
ipp	    582
ipu	    672
ipy	   2964
iqa	   4431
iqe	   5073
iqi	   3508
iqo	   3806
iqq	    598
iqu	    181
ira	    863
ire	   1301
iri	    499
iro	    799
irr	   3398
iru	    988
iry	   1638
isa	    886
ise	   1389
ish	    862
isi	    812
iso	   1335
iss	   1771
isu	    721
isy	   1415
it'	   2291
ita	    833
ite	   1311
ith	   2300
iti	    984
ito	    952
its	    928
itt	   1592
itu	    777
itw	   4068
ity	   1934
iu-	   2503
iua	   3581
iub	   2526
iuc	   1667
iud	   1678
iue	   1723
iuf	   3606
iug	   2381
iuh	   3066
iui	   1935
iuj	   2509
iuk	   1654
iul	   1833
ium	    855
iun	   1184
iuo	   2026
iup	   3549
iuq	   3750
iur	    828
ius	   1062
iut	   1061
iuu	   3904
iuv	   2894
iuw	   2478
iux	   1644
iuy	   3069
iuz	   2314
iva	    798
ive	   1557
ivi	    770
ivo	   1617
ivu	    402
ivv	   4532
ivy	   1480
iwa	    170
iwe	   2335
iwh	   1357
iwi	   2555
iwo	   1049
iwu	   1246
iwy	   3275
ixa	   4191
ixe	   2110
ixi	   3325
ixk	   5747
ixn	    885
ixo	   4628
ixt	   1340
ixu	   4707
ixw	   6255
ixx	   5431
ixy	    147
iya	    305
iye	   3844
iyo	    590
iyu	    948
iyy	   5343
iz/	   2432
iza	    941
ize	   1299
izi	    648
izo	   1264
izu	    541
izy	   1426
izz	   2060
ja-	    924
jaa	   2995
jab	   2008
jac	   1476
jad	   2488
jae	   3163
jaf	   3345
jag	   1758
jah	   2336
jai	   1777
jaj	   2514
jak	   1213
jal	   2435
jam	   1425
jan	    825
jao	   2849
jap	    952
jaq	   1650
jar	   1707
jas	   1519
jat	   2359
jau	   3134
jav	   3013
jaw	   2861
jax	   1837
jay	   2575
jaz	   1899
je-	   1192
jea	   3212
jeb	   2633
jec	   1655
jed	   2451
jee	   3770
jef	   1981
jeg	   2695
jeh	   1998
jei	    871
jej	   2860
jek	   1760
jel	   2769
jem	   1947
jen	    860
jeo	   3227
jep	   2797
jeq	   1791
jer	    677
jes	   1715
jet	   1421
jeu	   3265
jev	   2951
jew	   3496
jex	   2162
jey	   3374
jez	   2980
ji-	   1866
jia	   2090
jib	   2294
jic	   1632
jid	   1763
jie	   2379
jif	   3090
jig	   1949
jih	   2158
jii	   2376
jij	   2687
jik	   1445
jil	    827
jim	   1328
jin	    923
jio	   2016
jip	   2791
jiq	   2671
jir	   1664
jis	   1645
jit	   1635
jiu	   3056
jiv	   3682
jiw	   2447
jix	    847
jiy	   2176
jiz	   2479
jja	   1737
jje	   2171
jji	     72
jjo	   1306
jju	   2872
jjy	   2115
jo-	   1506
joa	   2670
job	   2313
joc	   1886
jod	   2916
joe	   2921
jof	   3475
jog	   2313
joh	   2753
joi	   2008
joj	   2759
jok	   2272
jol	   4210
jom	   2897
jon	   1152
joo	   2979
jop	   3271
joq	   3404
jor	   1977
jos	   1689
jot	   2666
jou	    340
jov	   2755
jow	    899
jox	   2349
joy	   3105
joz	   2460
ju-	   1610
jua	   1942
jub	   2314
juc	   1720
jud	   2346
jue	   1855
juf	   3153
jug	   2469
juh	   2519
jui	   2540
juj	   2689
juk	   1712
jul	   3304
jum	   2361
jun	    765
juo	   3075
jup	   2547
juq	   2010
jur	   1525
jus	   1902
jut	   1015
juu	    723
juv	   3505
juw	   1262
jux	   1908
juy	   2650
juz	   2377
jya	    931
jye	   1378
jyi	   2851
jyo	    364
jyu	    609
ka-	   1702
kaa	   2959
kab	   1820
kac	   1529
kad	   2027
kae	   2152
kaf	   2348
kag	   1706
kah	   1987
kai	   1001
kaj	   2488
kak	   1570
kal	   2761
kam	   1349
kan	    867
kao	   2346
kap	   2496
kaq	   2277
kar	   1282
kas	   1402
kat	   1390
kau	   2766
kav	   3631
kaw	   1453
kax	   1687
kay	   2010
kaz	   1766
ke-	   1653
kea	   2217
keb	   2272
kec	   2001
ked	   2001
kee	   3460
kef	   3335
keg	   2360
keh	   2349
kei	    914
kej	   2750
kek	   2339
kel	   2276
kem	   1989
ken	    441
keo	   2615
kep	   3223
keq	   3808
ker	   1390
kes	   1877
ket	   1432
keu	   2850
kev	   3427
kew	   3052
kex	   1210
key	   2053
kez	   2575
ki-	   1815
kia	   2169
kib	   2046
kic	   1348
kid	   1753
kie	   2474
kif	   3078
kig	   1721
kih	   1839
kii	   2395
kij	   2145
kik	   1461
kil	   1075
kim	   1540
kin	   1015
kio	   2246
kip	   2878
kiq	   2758
kir	   1488
kis	   1288
kit	   1151
kiu	   2930
kiv	   4686
kiw	   2428
kix	   1137
kiy	   1727
kiz	   1947
kka	   1150
kke	   1394
kki	   1060
kkk	   4816
kko	    529
kku	    537
kkw	   5210
kky	   1753
ko-	   1738
koa	   2808
kob	   2159
koc	   1700
kod	   2267
koe	   3033
kof	   2929
kog	   2342
koh	   2187
koi	   2265
koj	   2851
kok	   1754
kol	   3011
kom	   1578
kon	   1380
koo	   2867
kop	   2679
koq	   2006
kor	   1610
kos	   1907
kot	   1681
kou	    655
kov	   3482
kow	    581
kox	   2285
koy	   2477
koz	   2584
ku-	   2273
kua	   2245
kub	   1537
kuc	   1321
kud	   1767
kue	   1923
kuf	   2456
kug	   1859
kuh	   1727
kui	   1764
kuj	   1943
kuk	   1584
kul	   2800
kum	   1444
kun	   1533
kuo	   2150
kup	   2519
kuq	   3174
kur	    791
kus	    871
kut	   1305
kuu	   2259
kuv	   3563
kuw	   1976
kux	   2638
kuy	   2128
kuz	   1870
kwa	    947
kwe	   1139
kwi	    532
kwo	    454
kya	    776
kye	   3946
kyi	   3066
kyo	    344
kyu	    629
la-	    962
laa	   3230
lab	   2104
lac	   1814
lad	   2574
lae	   2952
laf	   3245
lag	   3023
lah	   2766
lai	   1111
laj	   2871
lak	   2120
lal	   1272
lam	   1629
lan	    698
lao	   3242
lap	   3042
laq	   2371
lar	   1317
las	   1532
lat	   2185
lau	   2630
lav	   3134
law	   2292
lax	    991
lay	   3467
laz	   2641
le-	   1323
lea	   1549
leb	   1972
lec	   1812
led	   1690
lee	   3559
lef	   2387
leg	   2874
leh	   2313
lei	   1040
lej	   2737
lek	   1941
lel	   1619
lem	   2432
len	    851
leo	   3087
lep	   2516
leq	   2120
ler	    829
les	   1401
let	   1837
leu	   3431
lev	   2517
lew	   2968
lex	   1247
ley	   3414
lez	   2290
li-	    893
lia	   1547
lib	   1788
lic	   1574
lid	   2313
lie	   2343
lif	   2195
lig	   2127
lih	   2057
lii	   3064
lij	   2482
lik	   1738
lil	   1293
lim	   1926
lin	    928
lio	   2148
lip	   2417
liq	   2149
lir	   1285
lis	   1277
lit	   1761
liu	   3031
liv	   2428
liw	   2733
lix	   1112
liy	   3039
liz	   2003
lka	     97
lke	    864
lla	   1240
lle	   1183
lli	    360
lll	   2286
llo	   1630
llt	   1291
llu	   1449
lly	    926
lo-	    446
loa	   2906
lob	   2604
loc	   2075
lod	   2431
loe	   3973
lof	   3122
log	   2569
loh	   3046
loi	   2327
loj	   3331
lok	   2590
lol	   1628
lom	   1565
lon	    927
loo	   3619
lop	   3687
loq	   3074
lor	   1052
los	   1777
lot	   1474
lou	   3334
lov	   2630
low	   3064
lox	   1294
loy	   3477
loz	   3055
lts	    340
ltu	    352
lu-	    654
lua	   1612
lub	   1624
luc	   1775
lud	   1885
lue	   1578
luf	   2421
lug	   2107
luh	   2126
lui	   1527
luj	   2479
luk	   1976
lul	   1868
lum	   1632
lun	   1471
luo	   2184
lup	   2117
luq	   2622
lur	   1047
lus	   1473
lut	   1726
luu	   2649
luv	   2765
luw	   1957
lux	   1774
luy	   2500
luz	   1785
lwa	      0
lya	   1092
lye	   1809
lyi	   1568
lyo	    309
lyu	    638
ma-	   1661
maa	   2628
mab	   2241
mac	   1285
mad	   1739
mae	   1731
maf	   2963
mag	   1572
mah	   1986
mai	   1517
maj	   2218
mak	   1268
mal	   2772
mam	   1483
man	   1089
mao	   2496
map	   2790
maq	   2379
mar	   1238
mas	   1088
mat	    940
mau	   2554
mav	   4205
maw	   2220
max	   2174
may	   1998
maz	   1998
me-	   1510
mea	   2272
meb	   2338
mec	   1677
med	   1447
mee	   2971
mef	   3124
meg	   1477
meh	   2306
mei	    899
mej	   2219
mek	   1652
mel	   2713
mem	   1778
men	    794
meo	   2425
mep	   2884
meq	   2968
mer	   1032
mes	   1614
met	   1378
meu	   3115
mev	   4296
mew	   2608
mex	   1797
mey	   1864
mez	   1930
mi-	   1865
mia	   1580
mib	   2438
mic	   1370
mid	   1729
mie	   2155
mif	   2971
mig	   1927
mih	   1803
mii	   2311
mij	   2578
mik	   1406
mil	   1969
mim	   1827
min	    810
mio	   2095
mip	   3178
miq	   2493
mir	   1527
mis	   1303
mit	   1112
miu	   2480
miv	   4912
miw	   2311
mix	   1747
miy	   1155
miz	   1517
mma	    741
mme	    846
mmi	    735
mmo	    785
mmu	    943
mo-	   1571
moa	   2279
mob	   2165
moc	   1646
mod	   1778
moe	   2212
mof	   2920
mog	   2028
moh	   2136
moi	   2009
moj	   2455
mok	   1773
mol	   3233
mom	   1603
mon	    694
moo	   2680
mop	   2977
moq	   2325
mor	    989
mos	   1792
mot	    811
mou	   1836
mov	   3862
mow	   2188
mox	   1718
moy	   2125
moz	   2255
mu-	   1662
mua	   2099
mub	   1848
muc	   1291
mud	   1943
mue	   2163
muf	   2379
mug	   1789
muh	   1880
mui	   2025
muj	   2120
muk	   1362
mul	   3369
mum	   1963
mun	   1456
muo	   2462
mup	   1905
muq	   2551
mur	    628
mus	    982
mut	   1456
muu	   2701
muv	   3368
muw	   2368
mux	   3166
muy	   2464
muz	   1553
mya	    759
mye	   3085
myi	   1935
myo	    619
myu	    379
n'-	   4616
n'a	   2499
n'b	   1611
n'c	   1108
n'd	   1370
n'e	   2489
n'f	   2428
n'g	   1205
n'h	   1798
n'i	   2158
n'j	   1615
n'k	   1131
n'l	   4898
n'm	   1678
n'n	   1610
n'o	   2479
n'p	   1752
n'q	   2586
n'r	   1413
n's	   1036
n't	   1107
n'u	   3049
n'v	   3322
n'w	   2482
n'x	   4679
n'y	   2061
n'z	   1473
n--	   1306
n-a	   2510
n-b	   1634
n-c	   1828
n-d	   1637
n-f	   2083
n-g	   1984
n-h	   2006
n-i	   1924
n-j	   2083
n-k	   2067
n-l	   2540
n-m	   1270
n-n	    911
n-o	   1741
n-p	   1475
n-q	   3096
n-r	    947
n-s	   1734
n-t	   1356
n-w	   1856
n-x	   2199
n-y	   2371
n-z	   1211
na-	   1582
naa	   2855
nab	   1550
nac	   1222
nad	   1950
nae	   2433
naf	   2983
nag	   1058
nah	   2188
nai	   1299
naj	   2732
nak	   1286
nal	   2969
nam	   1129
nan	   1124
nao	   1820
nap	   2447
naq	   2705
nar	   1190
nas	   1521
nat	   1486
nau	   2649
nav	   3312
naw	   2088
nax	   2093
nay	   2296
naz	   2089
nba	    636
nbb	   5598
nbe	   1134
nbi	   1054
nbo	    852
nbu	    614
nby	   1930
nca	    841
ncc	   4981
nce	    905
nch	   1058
nci	    795
nco	    747
ncu	   1385
ncy	   1616
nd'	   1844
nda	    618
ndd	   5402
nde	    936
ndh	   1850
ndi	   3170
ndo	    352
ndu	   2433
ndw	   3024
ndy	   3604
ne-	   1533
nea	   2292
neb	   2020
nec	   1477
ned	   1936
nee	   2744
nef	   2747
neg	   1770
neh	   2044
nei	   1424
nej	   2284
nek	   1373
nel	   2061
nem	   1628
nen	    865
neo	   1995
nep	   2530
neq	   2282
ner	   1167
nes	   1235
net	   1073
neu	   3003
nev	   2902
new	   2662
nex	   1511
ney	   1969
nez	   1896
nfa	   1028
nfe	   1346
nff	   5142
nfi	   1188
nfo	    936
nfu	    296
nfy	   2669
nga	    750
nge	   1303
ngg	   5483
ngi	   1413
ngo	    984
ngu	    370
ngw	   4333
ngy	   1784
nha	    689
nhe	   1333
nhh	   5736
nhi	   1024
nho	    550
nhu	    905
nhw	   1710
nhy	   1929
ni-	   1403
nia	   1729
nib	   2193
nic	   1032
nid	   2505
nie	   2316
nif	   2787
nig	   1962
nih	   1199
nii	   1802
nij	   2187
nik	   1382
nil	   1557
nim	   1822
nin	   1136
nio	   2081
nip	   2322
niq	   1921
nir	   2078
nis	   1084
nit	   1188
niu	   2760
niv	   3429
niw	   2289
nix	   1475
niy	   2143
niz	   2242
nja	   1043
nje	   1622
nji	    318
njj	   5612
njo	   1040
nju	   1226
njy	   1166
nka	    826
nke	   1078
nki	    601
nkk	   4923
nko	    783
nku	   1356
nkw	   4567
nky	   1073
nla	   1987
nli	   2047
nll	   2678
nlo	   1991
nlt	     43
nlu	   2150
nlw	   2367
nly	   3043
nma	    493
nme	    943
nmi	    949
nmo	    673
nmu	   1550
nmy	   1946
nn'	   4510
nn-	   4614
nna	   1532
nnb	   1707
nnc	   1217
nnd	   1467
nne	   1840
nnf	   2528
nng	   1301
nnh	   1901
nni	   1547
nnj	   1717
nnk	   1231
nnl	   4988
nnm	   1779
nnn	   1711
nno	   1229
nnp	   1849
nnq	   2677
nnr	   1538
nns	   1140
nnt	   1203
nnu	   2520
nnv	   3421
nnw	   2577
nnx	   4744
nny	   2002
nnz	   1573
no-	   1838
noa	   2034
nob	   1241
noc	   1310
nod	   1872
noe	   2158
nof	   2498
nog	   1780
noh	   1455
noi	   1878
noj	   2150
nok	   1332
nol	   3687
nom	   1223
non	   1525
noo	   1855
nop	   2193
noq	   2564
nor	   1387
nos	   1217
not	   1357
nou	   1360
nov	   2871
now	   1512
nox	   2651
noy	   1683
noz	   2022
npa	    664
npe	   1235
npi	   1027
npo	    884
npp	   4024
npu	    557
npy	   1864
nqa	   3462
nqe	   3256
nqi	   3026
nqo	   2686
nqq	   4221
nqu	      4
nra	   1003
nre	   1165
nri	    272
nro	   1209
nrr	   5310
nru	   1778
nry	   1325
nsa	   1008
nse	   1023
nsh	    795
nsi	    948
nso	   1194
nss	   5093
nsu	    793
nsy	   1216
nt'	   2078
nta	    564
nte	    917
nth	   2120
nti	   1180
nto	    593
nts	   2002
ntt	   4040
ntu	   1690
ntw	   3273
nty	   1703
nu-	   1379
nua	   2407
nub	   2007
nuc	   1442
nud	   1944
nue	   1441
nuf	   2794
nug	   1586
nuh	   2315
nui	   1542
nuj	   2523
nuk	    916
nul	   1919
num	    877
nun	   1391
nuo	   2327
nup	   2253
nuq	   2370
nur	   1332
nus	   1400
nut	   1635
nuu	   3025
nuv	   2849
nuw	   2484
nux	   1836
nuy	   2349
nuz	   2308
nva	    847
nve	   1060
nvi	    796
nvo	   1467
nvu	    511
nvy	   1258
nwa	    424
nwe	   1612
nwh	    829
nwi	   1565
nwo	   1005
nwu	    901
nwy	   4321
nxa	   2187
nxi	   2248
nxn	    568
nxo	   2192
nxt	    243
nxu	   2350
nxw	   2568
nxx	   2187
nxy	   3243
nya	    640
nye	   2671
nyi	   2518
nyo	    599
nyu	    446
nz/	   1992
nza	    991
nze	   1214
nzi	    451
nzo	   1156
nzu	    877
nzy	   1271
nzz	   6602
o--	   3409
o-a	   2763
o-b	   1657
o-c	   1724
o-d	   1208
o-e	   2484
o-f	   2623
o-g	   1995
o-h	   2000
o-i	   2115
o-j	   2293
o-k	   1702
o-l	   4283
o-m	   1299
o-n	   1283
o-o	   3177
o-p	   1640
o-q	   2245
o-r	    753
o-s	   1278
o-t	    899
o-u	   3200
o-v	   2624
o-w	   2602
o-x	   2617
o-y	   2579
o-z	   1599
oa-	   1456
oaa	   2690
oab	   1887
oac	   1544
oad	   1889
oae	   3140
oaf	   2446
oag	   1812
oah	   2096
oai	   1358
oaj	   2359
oak	   1107
oal	   2822
oam	   1562
oan	   1024
oao	   2092
oap	   1566
oaq	   2266
oar	   1004
oas	   1310
oat	   1374
oau	   2281
oav	   3027
oaw	   1976
oax	   2001
oay	   1933
oaz	   1808
oba	    638
obb	   3374
obe	   1185
obi	    940
obo	   1042
obu	    538
oby	   2343
oca	    877
occ	   1755
oce	   1473
och	   1490
oci	    722
oco	   1011
ocu	    591
ocy	   1967
od'	   1695
oda	    479
odd	   1779
ode	    827
odh	   1635
odi	   2593
odo	    657
odu	   1504
odw	   3281
ody	   3480
oe-	   1838
oea	   1985
oeb	   1883
oec	   1448
oed	   1583
oee	   2750
oef	   2545
oeg	   1793
oeh	   2025
oei	   1375
oej	   2380
oek	    878
oel	   2907
oem	   1410
oen	    953
oeo	   2779
oep	   2607
oeq	   2337
oer	   1075
oes	   1399
oet	   1440
oeu	   2683
oev	   2685
oew	   2625
oex	   1934
oey	   1827
oez	   2263
ofa	   1084
ofe	   1495
off	   2569
ofi	    956
ofo	   1281
ofu	    253
ofy	   2940
oga	    513
oge	   1349
ogg	   1824
ogi	   1172
ogo	   1196
ogu	    535
ogw	   4549
ogy	   1990
oha	    432
ohe	   1451
ohh	   2787
ohi	    902
oho	    967
ohu	    853
ohw	   1934
ohy	   2359
oi-	   2137
oia	   2099
oib	   2045
oic	   1266
oid	   1499
oie	   1863
oif	   2790
oig	   2014
oih	   2053
oii	   2251
oij	   2549
oik	   1403
oil	   2724
oim	   1787
oin	    912
oio	   2480
oip	   2318
oiq	   2430
oir	   1191
ois	   1198
oit	    968
oiu	   2616
oiv	   3153
oiw	   1818
oix	   1898
oiy	   1606
oiz	   1562
oja	   1266
oje	   1336
oji	    321
ojj	   2294
ojo	   1001
oju	   1154
ojy	   1256
oka	    849
oke	   1066
oki	    895
okk	   1552
oko	    959
oku	    587
okw	   5223
oky	   1730
ola	   3355
ole	   3573
oli	   3083
olk	   4905
oll	   4479
olo	   2531
olt	     41
olu	   1373
olw	   4511
oly	   2741
oma	    692
ome	    979
omi	    659
omm	   4429
omo	    735
omu	   1187
omy	   1998
on'	    949
on-	   4614
ona	   1236
onb	   1808
onc	   1674
ond	   1686
one	   1625
onf	   2624
ong	   1680
onh	   2240
oni	   1324
onj	   2202
onk	   1921
onl	   5237
onm	   2120
onn	    891
ono	    996
onp	   1986
onq	   3123
onr	   2006
ons	   1554
ont	   1648
onu	   2479
onv	   3556
onw	   2888
onx	   5097
ony	   2388
onz	   2045
oo-	   2047
ooa	   2281
oob	   1689
ooc	   1428
ood	   1934
ooe	   2355
oof	   2598
oog	   1742
ooh	   1520
ooi	   1446
ooj	   2597
ook	   1475
ool	   3589
oom	   1394
oon	   1291
ooo	   1886
oop	   2914
ooq	   2335
oor	   1199
oos	    796
oot	   1115
oou	   2048
oov	   4426
oow	   2175
oox	   2569
ooy	   1799
ooz	   2049
opa	    886
ope	   1216
opi	   1129
opo	   1194
opp	    551
opu	    778
opy	   2753
oqa	   4813
oqe	   4755
oqi	   3934
oqo	   4166
oqq	   1492
oqu	     26
ora	    890
ore	   1034
ori	    475
oro	    946
orr	   3326
oru	    944
ory	   2064
osa	    775
ose	   1395
osh	    953
osi	    675
oso	   1434
oss	   2177
osu	    785
osy	   1592
ot'	   2811
ota	    910
ote	    944
oth	   2900
oti	   1196
oto	    502
ots	   1786
ott	   1266
otu	   1208
otw	   3660
oty	   1827
ou-	   3881
oua	   2386
oub	   1728
ouc	   1109
oud	   1688
oue	   1759
ouf	   2621
oug	   1008
ouh	   1529
oui	   1684
ouj	   1613
ouk	   1106
oul	   3231
oum	   1628
oun	   1680
ouo	   2440
oup	   3330
ouq	   2766
our	   1511
ous	   1120
out	   1146
ouu	   2814
ouv	   4842
ouw	   2412
oux	   3200
ouy	   1899
ouz	   1621
ova	    667
ove	   1266
ovi	    737
ovo	   1454
ovu	    585
ovv	   3732
ovy	   1377
owa	   1865
owe	   3239
owh	    381
owi	   3245
owo	   2967
owu	    342
oww	   6068
owy	   5064
oxa	   3933
oxe	   4151
oxi	   3662
oxk	   5483
oxn	    150
oxo	   3110
oxt	    722
oxu	   1956
oxw	   5089
oxx	   4834
oxy	   3321
oya	    360
oye	   3688
oyo	    567
oyu	    827
oyy	   5204
oz/	   1534
oza	    750
oze	   1173
ozi	    525
ozo	   1041
ozu	   1178
ozy	   1438
ozz	   2333
pa-	    715
paa	   3437
pab	   2216
pac	   1660
pad	   2227
pae	   3334
paf	   2550
pag	   2396
pah	   2636
pai	   1420
paj	   2896
pak	   1808
pal	   2583
pam	   2427
pan	    767
pao	   2810
pap	   1779
paq	   2101
par	   1164
pas	   1313
pat	   1383
pau	   2268
pav	   3084
paw	   1809
pax	   1674
pay	   3122
paz	   2559
pe-	    857
pea	   1956
peb	   3074
pec	   1921
ped	   1874
pee	   3718
pef	   3634
peg	   2254
peh	   3277
pei	   1163
pej	   3183
pek	   1739
pel	   1955
pem	   2901
pen	    836
peo	   3466
pep	   1835
peq	   2462
per	    979
pes	   1472
pet	   1071
peu	   3852
pev	   3860
pew	   3838
pex	   1523
pey	   3080
pez	   2922
pi-	    628
pia	   1281
pib	   2753
pic	   1633
pid	   2436
pie	   1812
pif	   3624
pig	   2366
pih	   3013
pii	   2926
pij	   3105
pik	   1630
pil	   1770
pim	   2905
pin	    830
pio	   1762
pip	   2282
piq	   2112
pir	   1317
pis	   1790
pit	   1436
piu	   3402
piv	   3704
piw	   3572
pix	   1449
piy	   2480
piz	   2329
po-	    765
poa	   2734
pob	   3035
poc	   2027
pod	   2380
poe	   2819
pof	   3179
pog	   2849
poh	   3009
poi	   1572
poj	   2272
pok	   1495
pol	   2366
pom	   2445
pon	    923
poo	   3579
pop	   1669
poq	   2976
por	    831
pos	   1778
pot	   1538
pou	   1375
pov	   3586
pow	   1524
pox	   1709
poy	   2914
poz	   2233
ppa	    972
ppe	   1695
ppi	   1156
ppo	    984
ppp	   5485
ppu	    273
ppy	   2594
pu-	   1741
pua	   2229
pub	   2233
puc	   1728
pud	   2162
pue	   2593
puf	   2482
pug	   2398
puh	   1954
pui	   2529
puj	   1863
puk	   1847
pul	   3356
pum	   2034
pun	   1710
puo	   2643
pup	   2093
puq	   2696
pur	    305
pus	   1298
put	   1364
puu	   2294
puv	   3384
puw	   2198
pux	   2878
puy	   2793
puz	   2059
pya	   1714
pye	   2913
pyi	   1398
pyo	    700
pyu	    209
qa-	    920
qab	   2150
qac	   1551
qad	   1257
qae	   2698
qag	   2153
qai	   1492
qaj	   2497
qak	   1672
qal	   2570
qam	   2699
qan	    674
qao	   2005
qap	   2698
qaq	   1679
qar	    942
qas	   2001
qat	   1558
qau	   2404
qaw	   3457
qax	   1762
qay	   2698
qaz	   2497
qe-	   1116
qea	    761
qec	   2312
qed	   2185
qei	    924
qel	   2332
qem	   2528
qen	    972
qer	   1334
qes	    991
qet	   1183
qex	   1889
qez	   2190
qi-	    236
qia	   2231
qib	   3202
qic	   2239
qid	   1980
qie	   2306
qig	   3202
qii	   2050
qij	   2556
qik	   1985
qil	   3073
qin	   1003
qip	   2316
qiq	   2248
qir	   1593
qis	   1940
qit	   1635
qiu	   3444
qiw	   3685
qix	   2206
qiy	   3202
qiz	   2406
qo-	    180
qoa	   3203
qob	   2398
qoc	   2413
qod	   2306
qof	   3531
qog	   3201
qoh	   3531
qoi	   2859
qok	   2410
qol	   3210
qom	   3201
qon	    924
qoo	   3202
qoq	   2481
qor	   1559
qos	   2856
qot	   2865
qou	   2760
qov	   2228
qow	   2974
qox	   1995
qoz	   2855
qqa	   4272
qqi	   3753
qqo	   4694
qqq	   5385
qqu	      0
qu-	   2265
qua	   2240
qub	   1538
quc	   1328
qud	   1769
que	   1922
quf	   2465
qug	   1867
quh	   1727
qui	   1767
quj	   1946
quk	   1583
qul	   2795
qum	   1445
qun	   1530
quo	   2173
qup	   2511
quq	   3173
qur	    788
qus	    870
qut	   1303
quu	   2259
quv	   3556
quw	   1976
qux	   2632
quy	   2129
quz	   1870
ra-	   1469
raa	   2514
rab	   1391
rac	   1353
rad	   1795
rae	   2396
raf	   2246
rag	   1710
rah	   1904
rai	   1060
raj	   2335
rak	   1411
ral	   2472
ram	   1499
ran	    936
rao	   2260
rap	   2160
raq	   2016
rar	   1655
ras	   1210
rat	   1556
rau	   2109
rav	   2587
raw	   2076
rax	   1826
ray	   1996
raz	   1990
re-	   1024
rea	   2011
reb	   1727
rec	   1685
red	   1615
ree	   2855
ref	   2703
reg	   2040
reh	   2383
rei	   1003
rej	   2150
rek	   1514
rel	   2123
rem	   1777
ren	    892
reo	   2129
rep	   2313
req	   2052
rer	   1549
res	   1218
ret	   1480
reu	   3278
rev	   2732
rew	   3042
rex	   1629
rey	   2076
rez	   1931
ri-	   1064
ria	   1544
rib	   1998
ric	   1535
rid	   2169
rie	   2078
rif	   2568
rig	   1999
rih	   1960
rii	   2592
rij	   2537
rik	   1533
ril	   1591
rim	   1801
rin	   1110
rio	   2039
rip	   2202
riq	   2430
rir	   2063
ris	   1413
rit	    670
riu	   2686
riv	   3128
riw	   2763
rix	   1533
riy	   2038
riz	   2120
ro-	   1071
roa	   2221
rob	   1670
roc	   1308
rod	   1882
roe	   2496
rof	   2311
rog	   1267
roh	   1987
roi	   1778
roj	   2155
rok	   1444
rol	   2326
rom	   1541
ron	   1182
roo	   2611
rop	   1805
roq	   1983
ror	   1824
ros	   1241
rot	   1688
rou	   1175
rov	   2848
row	   1646
rox	   2014
roy	   2139
roz	   2088
rra	    500
rre	    904
rri	    729
rro	    810
rru	   1699
rry	   2648
ru-	   1414
rua	   2019
rub	   1404
ruc	   1370
rud	   1260
rue	   2204
ruf	   1730
rug	   1618
ruh	   1499
rui	   1828
ruj	   2164
ruk	   1392
rul	   3235
rum	   1275
run	   1482
ruo	   2143
rup	   1774
ruq	   2228
rur	   1603
rus	   1204
rut	   1135
ruu	   2628
ruv	   2374
ruw	   2252
rux	   3012
ruy	   2256
ruz	   1792
rya	    781
rye	   3368
ryi	   2158
ryo	    396
ryu	    564
sa-	   1546
saa	   2999
sab	   2020
sac	   1273
sad	   2220
sae	   2543
saf	   3125
sag	   1768
sah	   1958
sai	    984
saj	   3180
sak	   1061
sal	   2495
sam	   1637
san	    823
sao	   2387
sap	   2273
saq	   2022
sar	   1514
sas	   1711
sat	   1256
sau	   2609
sav	   3382
saw	   1769
sax	   1707
say	   2020
saz	   2688
se-	   2223
sea	   3064
seb	   2314
sec	   2052
sed	   2602
see	   3517
sef	   2983
seg	   2378
seh	   2698
sei	    620
sej	   3442
sek	   1353
sel	   2435
sem	   2188
sen	    586
seo	   3034
sep	   2746
seq	   3045
ser	   1401
ses	   1935
set	   1328
seu	   3626
sev	   3558
sew	   3351
sex	   1292
sey	   2270
sez	   3008
sha	   1323
she	   2412
shi	    229
sho	    823
shu	   1165
si-	   1815
sia	   2174
sib	   2023
sic	   1591
sid	   1991
sie	   2315
sif	   2892
sig	   1887
sih	   1990
sii	   2275
sij	   2549
sik	   1352
sil	   1040
sim	   1260
sin	   1005
sio	   2068
sip	   2855
siq	   2846
sir	   1106
sis	   1661
sit	   1446
siu	   3018
siv	   4041
siw	   2521
six	    974
siy	   2119
siz	   2056
so-	   1552
soa	   3064
sob	   1747
soc	   1510
sod	   2209
soe	   2487
sof	   1969
sog	   2067
soh	   1961
soi	   2486
soj	   3012
sok	   1576
sol	   3163
som	   2040
son	    925
soo	   2948
sop	   2803
soq	   1846
sor	   1373
sos	   1890
sot	   2013
sou	    691
sov	   3507
sow	    935
sox	   1950
soy	   2585
soz	   2741
ssa	    919
sse	   1261
ssh	    637
ssi	   1036
sso	   1389
sss	   4669
ssu	   1304
ssy	    757
su-	   2281
sua	   2276
sub	   1956
suc	   1006
sud	   1923
sue	   2333
suf	   2481
sug	   1754
suh	   1886
sui	   1579
suj	   2420
suk	    964
sul	   3117
sum	   1487
sun	   1725
suo	   2320
sup	   1421
suq	   1983
sur	   1513
sus	   1405
sut	    806
suu	   2303
suv	   3354
suw	   2034
sux	   3020
suy	   2295
suz	   1981
sya	    824
sye	   1911
syi	   2917
syo	    327
syu	    667
t'i	     49
t'u	   1199
t'y	   2905
ta-	    970
taa	   2724
tab	   1994
tac	   1232
tad	   1967
tae	   2537
taf	   2846
tag	   1940
tah	   2143
tai	   1030
taj	   2282
tak	   1038
tal	   3038
tam	   1410
tan	   1090
tao	   2477
tap	   2871
taq	   2234
tar	   1308
tas	   1683
tat	   1369
tau	   2517
tav	   3717
taw	   2314
tax	   2208
tay	   2218
taz	   2197
te-	   1524
tea	   2529
teb	   2508
tec	   1897
ted	   2203
tee	   3551
tef	   2777
teg	   2261
teh	   2498
tei	   1033
tej	   3079
tek	   1443
tel	   1377
tem	   1648
ten	    745
teo	   2653
tep	   2454
teq	   2356
ter	    927
tes	   1882
tet	   1410
teu	   3216
tev	   3578
tew	   2917
tex	   1167
tey	   2450
tez	   2997
tha	   4347
the	   3276
thi	     10
tho	   5185
thu	   1965
ti-	   1906
tia	   1985
tib	   1560
tic	   1390
tid	   1837
tie	   1940
tif	   2849
tig	   1687
tih	   1655
tii	   2133
tij	   2080
tik	   1298
til	   1052
tim	   1600
tin	   1200
tio	   2143
tip	   2339
tiq	   2271
tir	   1273
tis	   1595
tit	   1621
tiu	   2623
tiv	   3841
tiw	   2365
tix	   1045
tiy	   1754
tiz	   2087
to-	   1944
toa	   2194
tob	   1777
toc	   1367
tod	   2036
toe	   2567
tof	   2296
tog	   2076
toh	   1860
toi	   2232
toj	   2646
tok	   1454
tol	   2673
tom	   1364
ton	   1465
too	   2160
top	   1990
toq	   2173
tor	    909
tos	   1385
tot	   1795
tou	    965
tov	   3150
tow	   1044
tox	   2469
toy	   1845
toz	   2555
tsa	   2678
tse	   2887
tsi	   2856
tso	   3016
tsu	      6
tt'	   2309
tta	   1211
tte	   1418
tth	   2328
tti	   1049
tto	    240
tts	   1935
ttt	   4947
ttu	   1447
ttw	   3857
tty	   2056
tu-	   2565
tua	   2185
tub	   1789
tuc	    865
tud	   1706
tue	   2392
tuf	   2733
tug	   1772
tuh	   1793
tui	   1700
tuj	   2218
tuk	    810
tul	   2942
tum	   1509
tun	   1614
tuo	   2055
tup	   1750
tuq	   1891
tur	   1599
tus	   1265
tut	   1254
tuu	   2213
tuv	   3878
tuw	   2190
tux	   2923
tuy	   1840
tuz	   2065
twa	   3219
twe	   2637
twi	   2737
two	   2141
twu	     12
tya	    803
tye	   1342
tyi	   3078
tyo	    406
tyu	    626
u--	   3280
u-a	   2220
u-b	   1508
u-c	   1760
u-d	   1611
u-e	   2309
u-f	   2346
u-g	   2072
u-h	   2060
u-i	   2412
u-j	   1609
u-k	   1925
u-l	   3959
u-m	   1335
u-n	   1401
u-o	   2691
u-p	   1165
u-q	   2772
u-r	    892
u-s	   1164
u-t	    967
u-u	   3063
u-v	   2595
u-w	   2543
u-x	   2648
u-y	   2394
u-z	   1292
ua-	   1257
uaa	   3111
uab	   1856
uac	   1575
uad	   1778
uae	   2983
uaf	   2516
uag	   2090
uah	   2398
uai	   1279
uaj	   2612
uak	   1297
ual	   2373
uam	   1592
uan	    915
uao	   1978
uap	   1558
uaq	   2247
uar	   1009
uas	   1333
uat	   1432
uau	   2180
uav	   2910
uaw	   2102
uax	   1706
uay	   2271
uaz	   2164
uba	    735
ubb	   3502
ube	    996
ubi	    907
ubo	    900
ubu	    640
uby	   1794
uca	    807
ucc	   2523
uce	   1124
uch	   1193
uci	    797
uco	    679
ucu	   1086
ucy	   1864
ud'	   1975
uda	    567
udd	   1996
ude	    951
udh	   1983
udi	   3211
udo	    407
udu	   1832
udw	   2966
udy	   3785
ue-	   2076
uea	   1914
ueb	   2343
uec	   2019
ued	   1711
uee	   3451
uef	   2582
ueg	   2710
ueh	   1989
uei	   1226
uej	   2960
uek	   1347
uel	   2898
uem	   1743
uen	    436
ueo	   3013
uep	   2794
ueq	   2675
uer	   1365
ues	   1442
uet	   1753
ueu	   3736
uev	   3100
uew	   3515
uex	   1207
uey	   2521
uez	   2754
ufa	   1012
ufe	   1475
uff	   2594
ufi	   1283
ufo	   1311
ufu	    208
ufy	   3035
uga	    274
uge	   1334
ugg	   4119
ugi	    995
ugo	   1114
ugu	   1329
ugw	   4905
ugy	   1633
uha	    712
uhe	   1347
uhh	   3409
uhi	    826
uho	    580
uhu	    931
uhw	   2046
uhy	   2143
ui-	   1790
uia	   2590
uib	   2261
uic	   1187
uid	   2122
uie	   2330
uif	   3327
uig	   1999
uih	   2170
uii	   2125
uij	   2287
uik	   1339
uil	   2477
uim	   1946
uin	    639
uio	   2661
uip	   2997
uiq	   2058
uir	   1602
uis	   1313
uit	    956
uiu	   3161
uiv	   3103
uiw	   2202
uix	   1369
uiy	   2086
uiz	   1797
uja	   1642
uje	   2143
uji	    221
ujj	   3819
ujo	    960
uju	   1363
ujy	   1182
uka	    840
uke	    982
uki	    669
ukk	   2396
uko	    707
uku	   1135
ukw	   4658
uky	   1431
ula	    924
ule	   1113
uli	    885
ulk	   5093
ull	   4502
ulo	    974
ult	    889
ulu	   1985
ulw	   3634
uly	    726
uma	    594
ume	    944
umi	    553
umm	   4677
umo	   1073
umu	   1253
umy	   2083
un'	   1284
un-	   4929
una	    877
unb	   2484
unc	   1946
und	   1930
une	   1231
unf	   3518
ung	   2358
unh	   2607
uni	    859
unj	   2569
unk	   1986
unl	   5112
unm	   2400
unn	   1245
uno	    770
unp	   2589
unq	   3725
unr	   2334
uns	   1942
unt	   1957
unu	   2327
unv	   4494
unw	   3253
unx	   5073
uny	   2025
unz	   2441
uo-	   1388
uoa	   2931
uob	   1644
uoc	   1068
uod	   2180
uoe	   3547
uof	   2198
uog	   2286
uoh	   2249
uoi	   2301
uoj	   3053
uok	   1197
uol	   3124
uom	   2072
uon	   1114
uoo	   1136
uop	   2437
uoq	   2822
uor	   1705
uos	   2015
uot	   1906
uou	   1004
uov	   3835
uow	    960
uox	   1968
uoy	   2327
uoz	   2526
upa	    732
upe	   1062
upi	   1031
upo	    781
upp	   1838
upu	    628
upy	   2928
uqa	   3710
uqe	   3592
uqi	   3154
uqo	   3092
uqq	   1907
uqu	     13
ura	    597
ure	   1043
uri	    673
uro	    947
urr	   3925
uru	    994
ury	   1830
usa	    896
use	   1163
ush	    800
usi	    853
uso	   1327
uss	   2589
usu	    782
usy	   1343
ut'	   2056
uta	    825
ute	   1066
uth	   2089
uti	   1074
uto	    468
uts	   1580
utt	   2346
utu	   1298
utw	   3288
uty	   1900
uu-	   3068
uua	   2562
uub	   1619
uuc	   1095
uud	   1779
uue	   2152
uuf	   2857
uug	    955
uuh	   1699
uui	   1794
uuj	   1614
uuk	   1115
uul	   2294
uum	   1788
uun	   1525
uuo	   1605
uup	   3123
uuq	   3190
uur	   1515
uus	   1069
uut	   1397
uuu	   2998
uuv	   5064
uuw	   2640
uux	   2201
uuy	   1976
uuz	   1561
uva	    639
uve	    970
uvi	    810
uvo	   1544
uvu	    655
uvv	   4517
uvy	   1363
uwa	   1051
uwe	   2298
uwh	    448
uwi	   2320
uwo	   2063
uwu	    417
uww	   4747
uwy	   3910
uxa	   1089
uxe	   1273
uxi	   1046
uxk	   5237
uxn	    653
uxo	   1123
uxt	   1050
uxu	   2130
uxw	   3778
uxx	   4647
uxy	    879
uya	    416
uye	   3242
uyo	    494
uyu	    825
uz/	   1880
uza	   1073
uze	   1405
uzi	    407
uzo	   1104
uzu	    881
uzy	   1332
uzz	   2519
va-	    773
vaa	   3237
vab	   2850
vac	   2085
vad	   2166
vae	   3289
vaf	   2975
vag	   2493
vah	   2698
vai	   1190
vaj	   2742
vak	   2168
val	   2996
vam	   2574
van	    672
vao	   3442
vap	   2713
vaq	   3102
var	    693
vas	   1675
vat	   1844
vau	   2888
vav	   2919
vaw	   3330
vax	   1781
vay	   3238
vaz	   2609
ve-	   1015
vea	   2700
veb	   2851
vec	   2300
ved	   1918
vee	   4073
vef	   3385
veg	   2262
veh	   2898
vei	   1452
vej	   2834
vek	   2115
vel	   2761
vem	   2897
ven	    878
veo	   3097
vep	   2908
veq	   2856
ver	    446
ves	   1377
vet	   1484
veu	   3275
vev	   3059
vew	   4018
vex	   2074
vey	   3616
vez	   2351
vi-	   1144
via	   1480
vib	   2399
vic	   1675
vid	   1245
vie	   1727
vif	   3363
vig	   2294
vih	   2175
vii	   3819
vij	   1869
vik	   1810
vil	   2176
vim	   2476
vin	   1022
vio	   1977
vip	   2956
viq	   2036
vir	    896
vis	   1399
vit	   1035
viu	   2902
viv	   1801
viw	   3546
vix	   1876
viy	   2882
viz	   2109
vo-	    779
voa	   2016
vob	   2484
voc	   1968
vod	   1878
voe	   3338
vof	   2949
vog	   2346
voh	   3034
voi	   1038
voj	   2659
vok	   1982
vol	   3245
vom	   2506
von	   1325
voo	   3306
vop	   2678
voq	   2302
vor	    514
vos	   1787
vot	   1998
vou	   2924
vov	   2370
vow	   1873
vox	   2481
voy	   2181
voz	   2708
vu-	   2311
vua	   2291
vub	   2548
vuc	   2318
vud	   2327
vue	   2822
vuf	   2657
vug	   2354
vuh	   2442
vui	   2195
vuj	   3072
vuk	   2428
vul	    522
vum	   2250
vun	   1368
vuo	   2848
vup	   2706
vuq	   3142
vur	   1277
vus	   1841
vut	   2475
vuu	   3200
vuv	   3167
vuw	   2691
vux	    538
vuy	   2762
vuz	   2439
vva	   1120
vve	    791
vvi	    817
vvu	    415
vvy	   1428
vya	   2218
vye	    665
vyi	    193
vyo	   3788
vyu	   1565
wa-	   1226
waa	   2447
wab	   2057
wac	   1115
wad	   1738
wae	   2364
waf	   2752
wag	   1708
wah	   1870
wai	   1332
waj	   2249
wak	   1113
wal	   2763
wam	   1576
wan	   1221
wao	   2371
wap	   2931
waq	   2428
war	   1142
was	   1177
wat	   1213
wau	   2730
wav	   4299
waw	   2619
wax	   2244
way	   1967
waz	   2082
we-	   1138
wea	   1042
web	   1318
wec	   2378
wed	   1477
wee	   3464
wef	   3388
weg	   3046
weh	   2914
wei	    777
wej	   2669
wek	   2453
wel	   2532
wem	   2610
wen	   1337
weo	   3237
wep	   2225
weq	   2686
wer	    891
wes	   1281
wet	   1815
weu	   3593
wev	   3300
wew	   3437
wex	   2142
wey	   3982
wez	   1892
wha	   4843
whe	   2973
whi	   2878
who	   2617
whu	      5
wi-	    929
wia	   2185
wib	   2940
wic	   1986
wid	   2463
wie	   2986
wif	   2888
wig	   1852
wih	   2660
wii	   3141
wij	   2593
wik	   1766
wil	   1735
wim	   2318
win	    720
wio	   2843
wip	   2508
wiq	   2356
wir	    741
wis	   1400
wit	   1528
wiu	   2998
wiv	   4287
wiw	   3366
wix	   1463
wiy	   3171
wiz	   1598
wo-	   1369
woa	   1560
wob	   2723
woc	   1255
wod	   2325
woe	   2204
wof	   2204
wog	   2864
woh	   1268
woi	   1755
woj	   3166
wok	   1187
wol	   3098
wom	   1301
won	   1218
woo	   1692
wop	   3027
woq	   2338
wor	   1797
wos	   1239
wot	    893
wou	   1830
wov	   4464
wow	   2101
wox	   2400
woy	   1809
woz	   3213
wu-	   2823
wua	   2595
wub	   1778
wuc	   1124
wud	   1761
wue	   1880
wuf	   2746
wug	    885
wuh	   1640
wui	   1743
wuj	   1733
wuk	   1134
wul	   2331
wum	   1783
wun	   1601
wuo	   2076
wup	   3373
wuq	   2748
wur	   1517
wus	   1114
wut	   1160
wuu	   3219
wuv	   4327
wuw	   2430
wux	   2185
wuy	   2080
wuz	   1658
wwa	    339
wwe	   1668
wwh	   1167
wwi	   2015
wwu	    535
wye	    384
wyi	    785
wyu	    555
xa-	    947
xaa	   3211
xab	   2085
xac	   1798
xad	   2554
xae	   2936
xaf	   3227
xag	   3005
xah	   2747
xai	   1108
xaj	   2851
xak	   2101
xal	   1341
xam	   1623
xan	    702
xao	   3223
xap	   3023
xaq	   2352
xar	   1305
xas	   1526
xat	   2206
xau	   2611
xav	   3115
xaw	   2273
xax	    989
xay	   3448
xaz	   2621
xe-	   1317
xea	   1530
xeb	   1953
xec	   1850
xed	   1703
xee	   3535
xef	   2369
xeg	   2859
xeh	   2294
xei	   1097
xej	   2720
xek	   1930
xel	   1611
xem	   2413
xen	    845
xeo	   3075
xep	   2495
xeq	   2107
xer	    820
xes	   1392
xet	   1855
xeu	   3410
xev	   2495
xew	   2948
xex	   1231
xey	   3398
xez	   2270
xi-	    906
xia	   1535
xib	   1771
xic	   1593
xid	   2297
xie	   2326
xif	   2217
xig	   2120
xih	   2051
xii	   3051
xij	   2467
xik	   1731
xil	   1304
xim	   1942
xin	    926
xio	   2143
xip	   2400
xiq	   2141
xir	   1276
xis	   1270
xit	   1751
xiu	   3037
xiv	   2426
xiw	   2734
xix	   1111
xiy	   3022
xiz	   1992
xka	     97
xke	    864
xn-	   4573
xna	   2493
xnb	   1603
xnc	   1118
xnd	   1365
xne	   2489
xnf	   2426
xng	   1197
xnh	   1800
xni	   2152
xnj	   1615
xnk	   1129
xnl	   4879
xnm	   1676
xnn	   1612
xno	   2473
xnp	   1745
xnq	   2571
xnr	   1445
xns	   1037
xnt	   1099
xnu	   3046
xnv	   3315
xnw	   2471
xnx	   4662
xny	   2054
xnz	   1470
xo-	    445
xoa	   2899
xob	   2599
xoc	   2075
xod	   2468
xoe	   3969
xof	   3118
xog	   2567
xoh	   3041
xoi	   2389
xoj	   3326
xok	   2586
xol	   1630
xom	   1570
xon	    925
xoo	   3616
xop	   3683
xoq	   3071
xor	   1050
xos	   1778
xot	   1477
xou	   3334
xov	   2628
xow	   3066
xox	   1294
xoy	   3477
xoz	   3047
xts	    364
xtu	    329
xu-	    650
xua	   1622
xub	   1708
xuc	   1771
xud	   1878
xue	   1573
xuf	   2413
xug	   2105
xuh	   2122
xui	   1521
xuj	   2471
xuk	   1972
xul	   1869
xum	   1628
xun	   1467
xuo	   2181
xup	   2110
xuq	   2617
xur	   1048
xus	   1470
xut	   1721
xuu	   2640
xuv	   2760
xuw	   1953
xux	   1772
xuy	   2495
xuz	   1779
xwa	      0
xxa	   1359
xxe	   1302
xxi	    480
xxn	    773
xxo	   1749
xxt	   1411
xxu	   1568
xxx	   2405
xxy	   1046
xya	   1072
xye	   1759
xyi	   1520
xyo	    315
xyu	    648
ya-	   1534
yaa	   2834
yab	   1920
yac	   1197
yad	   1922
yae	   2578
yaf	   2987
yag	   1811
yah	   2017
yai	   2121
yaj	   2547
yak	   1180
yal	   2313
yam	    768
yan	   1074
yao	   2470
yap	   1977
yaq	   1756
yar	   1415
yas	   1208
yat	   1590
yau	   2876
yav	   3515
yaw	   2449
yax	   1832
yay	   2329
yaz	   2097
ye-	   1321
yea	   1631
yeb	   2147
yec	   1752
yed	   1892
yee	   3628
yef	   2260
yeg	   2767
yeh	   2198
yei	   1171
yej	   2679
yek	   1802
yel	   1692
yem	   2357
yen	    789
yeo	   3114
yep	   2550
yeq	   1993
yer	    790
yes	   1395
yet	   1821
yeu	   3238
yev	   2402
yew	   2969
yex	   1286
yey	   3236
yez	   2346
yi-	    966
yia	   1598
yib	   1820
yic	   1565
yid	   2194
yie	   2343
yif	   2223
yig	   2148
yih	   2018
yii	   3088
yij	   2363
yik	   1755
yil	   1228
yim	   1968
yin	    933
yio	   2233
yip	   2496
yiq	   2158
yir	   1278
yis	   1299
yit	   1687
yiu	   3120
yiv	   2310
yiw	   2669
yix	   1040
yiy	   3059
yiz	   2008
yo-	   2230
yoa	   3383
yob	   2642
yoc	   1420
yod	   2782
yoe	   3575
yof	   3805
yog	   2624
yoh	   2672
yoi	   2724
yoj	   3121
yok	   1632
yol	   2668
yom	   2539
yon	   1384
yoo	   3448
yop	   2619
yoq	   1959
yor	   2146
yos	   1718
yot	   2287
you	    538
yov	   3656
yow	    531
yox	   2028
yoy	   3202
yoz	   2941
yu-	   1202
yua	   2201
yub	   2456
yuc	   1946
yud	   2668
yue	   2787
yuf	   3122
yug	   2336
yuh	   2774
yui	   2442
yuj	   3006
yuk	   1437
yul	   2610
yum	   1932
yun	   1478
yuo	   3222
yup	   2768
yuq	   2479
yur	   1697
yus	   2129
yut	   1546
yuu	    613
yuv	   3331
yuw	    641
yux	   2194
yuy	   2821
yuz	   2414
yya	    485
yyo	    462
yyu	    746
z/a	   1560
z/b	   1349
z/c	   1423
z/d	   1361
z/e	   1907
z/f	   1703
z/g	   1613
z/h	   1426
z/i	   1913
z/j	   1668
z/k	   1499
z/m	   1298
z/n	   1917
z/o	   1868
z/p	   1526
z/q	   2411
z/r	   1205
z/s	   1193
z/t	   1523
z/u	   2164
z/v	   2092
z/w	   1808
z/x	   5913
z/y	   2088
z/z	   1746
za-	   1204
zaa	   2986
zab	   1759
zac	   1586
zad	   2396
zae	   2387
zaf	   2670
zag	   2377
zah	   2159
zai	    873
zaj	   3199
zak	    922
zal	   3093
zam	   1671
zan	    954
zao	   2508
zap	   2483
zaq	   2302
zar	   1607
zas	   1803
zat	   1805
zau	   2746
zav	   3108
zaw	   1103
zax	   1858
zay	   2809
zaz	   2253
ze-	   1916
zea	   2738
zeb	   2407
zec	   2195
zed	   2800
zee	   3404
zef	   2303
zeg	   2614
zeh	   2210
zei	   1532
zej	   3587
zek	   1901
zel	   2492
zem	   2058
zen	    295
zeo	   2400
zep	   2417
zeq	   2920
zer	   1231
zes	   2190
zet	   1561
zeu	   3184
zev	   3570
zew	   2810
zex	   1167
zey	   2421
zez	   2881
zi-	   1825
zia	   2064
zib	   2254
zic	   1631
zid	   1776
zie	   2379
zif	   3058
zig	   1921
zih	   2131
zii	   2344
zij	   2695
zik	   1410
zil	    890
zim	   1301
zin	    942
zio	   1981
zip	   2756
ziq	   2630
zir	   1634
zis	   1623
zit	   1622
ziu	   3017
ziv	   3640
ziw	   2406
zix	    829
ziy	   2170
ziz	   2455
zo-	   1354
zoa	   3246
zob	   2822
zoc	   1108
zod	   2925
zoe	   2243
zof	   2902
zog	   2772
zoh	   2795
zoi	   2629
zoj	   3709
zok	   1116
zol	   3750
zom	   1759
zon	   1120
zoo	   3451
zop	   3319
zoq	   1183
zor	   1663
zos	   2763
zot	   2555
zou	    684
zov	   3473
zow	    997
zox	   2320
zoy	   3536
zoz	   3318
zu-	   2350
zua	   2012
zub	   1660
zuc	   1356
zud	   1934
zue	   2098
zuf	   2291
zug	   1870
zuh	   1485
zui	   1682
zuj	   2548
zuk	   1079
zul	   3015
zum	    853
zun	   1257
zuo	   1379
zup	   2106
zuq	   2398
zur	   1266
zus	   1343
zut	   1635
zuu	   2449
zuv	   3072
zuw	   2147
zux	   2761
zuy	   1908
zuz	   2420
zya	    929
zye	   1377
zyi	   2846
zyo	    365
zyu	    609
zz/	   3995
zza	   2028
zze	   2863
zzi	    432
zzo	   2377
zzu	    306
zzy	   2476
