あ	亜亞宛会開挙空荒合在充上遭当編飽明有揚浴會擧當或婀椏猗錏鐚閼唖阿愛安我呼吾赤足網呀嗚啞芦綾鮎粟英雅海厚朱彰浅憧日畔麻厦堊扛舉淺痾翕蘆逅遘邂齏韲驤鴉
ああ	吁咨噫憙猗
あい	哀愛挨相藍曖哇噫欸瞹藹阨靉鞋姶鮎会合優會殪逢綾間饗秋乃埃隘
あいだ	間
あいの	藍
あえ	饗和
あえもの	齏韲
あお	青仰粟蒼碧呷
あおい	葵
あおぐろ	黝
あか	赤明赫垢朱淦絳紅緋
あかがね	銅
あかぎれ	皸皹胝
あかざ	藜
あかつき	暁曉
あかな	茜
あかね	茜
あから	赧
あが	英吾
あがり	上東明揚
あき	秋明暁晃淳彰昭晶章聡哲陽璃朗曉曄龝亜穐旭紀輝義恭空啓憲顕光幸朱昌祥信審誠詮彬楓飽亮諒倬惘杲晄晤暸朖烱炳璋顯
あきぞら	旻
あきた	慊歉
あきな	商估賈
あきの	彰
あきら	諦彪斌旻昶彰冏晟
あきらか	晢昿渙熙
あく	悪握惡幄阨齷飽
あくた	芥
あくつ	圷
あけ	明暁朱珠曙緋曉洙
あけぼの	曙
あげ	挙上揚擧
あげまき	丱
あこ	赤
あこが	憧
あこめ	衵袙
あご	顎腮頷顋齶
あさ	朝麻浅淺苴旭旦
あさがお	蕣
あさひ	旭暾
あさり	蜊
あざ	字鮮麻痣浅淺
あざけ	嘲
あざむ	欺詑詒謾
あし	脚足芦厚蘆趺愛葦肢
あしかせ	桎
あしげ	騅
あしなえ	蹇
あしのうら	跖
あしぶえ	笳
あじ	味鯵鰺
あじか	簣
あす	朱足飛遊
あず	預
あずき	荅
あずけ	預
あずさ	梓
あずま	東
あせ	汗焦
あぜ	畛畦畔
あそ	遊麻浅朝敖淺遨
あぞう	薊
あた	辺与與邊熱
あたい	価値價估
あたた	温暖溫煦
あたたか	暄燠
あたま	頭顱
あたら	新
あだ	婀綽讎仇徒冦
あち	遏閼
あっ	悪圧斡壓惡安且厚荒呆
あっぱれ	遖
あつ	圧壓厚集暑熱暑軋遏閼渥貴淳篤敦温敬宏充醇昌惇豊亶攅腆豐輳溫
あつか	扱
あつかい	扱
あつもの	羮
あつら	誂
あて	宛当當
あてら	左
あで	艶
あと	後痕跡蹤阯歩步
あな	穴坎壙竅竇孔
あなぐら	窖
あなど	侮侮狎謾
あに	兄豈
あによめ	嫂
あね	姉姐
あの	穴
あば	暴訐
あばら	肋
あひる	鶩
あぶ	危虻蛇煬
あぶみ	鐙
あぶら	脂油腴膩
あぶらあか	膩
あぶらな	薹
あぶり	焙
あま	雨天尼甘余餘奄塰蜑海
あまが	尼
あまざけ	醴
あまだれ	霤
あまね	洽
あまねし	徇浹
あまの	天
あまり	余餘
あまる	余餘
あみ	網編罔罟罠
あめ	雨天飴穹
あめの	雨
あめりか	米
あも	天厦
あや	怪危妖彪絢綾彩史文礼禮綵黻黼寄彰紋冉竒恠綺
あやぎぬ	綵
あやつ	操
あやま	過誤謝愆繆跌
あゆ	歩步鮎愛
あら	荒新洗粗瑕粕澣澡蘯笨麁
あらい	洗
あらがね	丱礦
あらし	嵐
あらそ	争爭諍
あらた	改
あらたま	璞
あららぎ	蘭
あられ	霰
あらわ	現著表著
あり	在有蟻
ありづか	垤
ある	歩步或有儻
あるじ	主
あれ	荒
あわ	泡哀慌淡併倂粟粱沫勠怱恊恤
あわが	粟
あわせ	袷
あわび	蚫鰒
あわら	湶
あん	安暗案行菴諳鮟黯庵杏按闇鞍塩晏罨莇餡鹽
い	以位依偉囲委威尉意慰易椅為畏異移維緯胃萎衣違遺医井唯圍彙爲醫忌居言行射生逝煎鋳入癒要鑄謂鮪云噫幃彝彜恚欹洟熨猗痿瞶矣肄苡詒貽逶饐鰊鰄伊夷衛五合指猪肥揖檍衞豬娃葦庵惟亥磯壱稲印院英堰岩宜浩斎炊石祖胆飯妃斐比美氷門稜倚凾壹已帷徃徠怡懿渭炒熬痍齋稻縊譱膽菲藺蝟谿韋頤
いい	謂飯宜猪
いいつ	咐
いえ	家廈
いえど	雖
いお	廬庵
いおの	庵
いおり	廬菴
いか	怒嗔怎恚慍瞋
いかずち	雷
いかだ	槎筏
いかり	碇
いかる	鵤
いかるが	鵤
いが	啀毬
いがた	熔
いがり	碇
いき	域粋息粹紀伯杙翊閾生
いきお	勢
いきどお	憤
いぎりす	英
いく	育幾囿墺毓澳燠礇鬻郁行征生至侑
いくさ	戦戰
いくさぶね	艟艨
いけ	池活生
いけの	池
いこ	憩鼓憇
いさ	勇石諌勲功砂勳諫
いさお	勣悳
いさか	諍
いさぎよ	潔
いさご	砂
いざ	射躄
いざり	漁
いし	石
いしずえ	礎
いしだたみ	甃
いしづき	鐓
いしばし	矼
いしぶみ	碣
いしやま	岨
いじょう	牛
いず	出厳泉嚴
いずく	曷
いずみ	泉湶
いずれ	孰
いそ	急磯礒
いそが	忙
いた	板至傷致痛悼分潮廸怛悵炒臻
いただ	頂
いただき	頂戴
いたち	鼬
いため	撓
いだ	抱
いち	一壱市壹弌佚軼鎰鴪鷸逸
いちご	莓苺
いちじる	著著
いちの	櫟檪
いっ	一逸壱溢飯揖壹
いつ	一逸五逸弌佚噎軼鎰鴪鷸曷壱溢允乙伍斎慈稜壹齋
いつき	斎齋
いつく	慈厳嚴
いつつ	五
いつわ	偽僞佯譎
いづ	厳出泉嚴
いで	出
いと	糸絲褸綸
いとし	愛
いとな	営營
いとま	遑
いど	挑戸
いな	稲否稻苗
いなご	螽
いなな	嘶
いにしえ	徃
いぬ	犬狗戌
いね	稲稻
いの	祈祈猪伊井亥稲飯悲稻
いのしし	猯豬猪
いのち	命
いばら	茨荊
いびき	鼾
いぶ	熏
いぶし	燻
いぼ	肬疣
いま	今
いまし	戒飭
いまわ	忌
いまん	敏
いむ	忌
いも	芋藷蕷薯妹
いもうと	妹
いや	嫌卑卑厭否弥瘉
いやしく	苟
いよ	彌
いよいよ	愈逾
いよう	陽
いら	平
いらか	甍
いり	西入圦煎杁
いる	日入
いるか	鯆
いれ	入
いれずみ	黥
いろ	色
いろど	彩
いろり	鑪鈩
いわ	岩祝祝磐嵒巖巌况
いわい	祝
いわお	巖
いわし	鰮鰛鰯
いん	印咽員因姻引飲淫院陰隠韻音隱堙婬恁飮殞氤茵蚓贇酳霪韵囲蔭圍隕伊允胤什鷹寅慇殷湮鸚
いんち	吋
いんの	因
う	右烏羽雨卯宇于吁迂芋鵜優有飢撃産受熟植生請打討得売浮埋憂賣擊傴嫗桙燠禹齲夘囿塢瓮甌肬蓊謗鶲雲央恩海牛銀愚胡劫秀織太笛兎菟頭韮布府武祐凰售孳惓抃拊搨擣擽鬱盂紆茹賈餒饑
うい	初茴
うえ	上植飢
うえじに	殍
うお	魚
うか	泛
うかが	伺窺覗俔覘遉
うかがい	伺
うき	浮
うきくさ	蘋
うきの	浮
うきぶくろ	鰾
うぐい	鯏
うぐいす	鴬鶯
うけ	受請
うけたまわ	承
うげ	向
うご	動蘯蹌
うさぎ	兔兎
うさぎあみ	罘
うさぎう	兎
うし	牛後丑
うしお	潮
うしな	失
うしゃおし	孝
うしろ	後
うじ	氏路蛆牛寺池
うじゅう	従從
うす	臼薄碓磑漓
うすじ	筋
うず	渦水
うずくま	踞蹲
うずら	鶉
うせい	浩
うそ	鷽嘘噓
うそぶ	嘯
うた	唄歌謡謠詩謌吟唱打咏
うたい	謡謠
うたが	疑
うたげ	讌
うち	内欝打熨討渕
うちかけ	袿褂裲
うちき	袿褂
うちぎ	袿
うっ	打討鬱
うった	訴愬
うつ	鬱移映写寫欝熨内空打冩徙
うつく	美倩妍姚
うつくし	美
うつつ	現
うつぼ	笂靭靱
うつわ	器器噐
うてな	柎萼蕚
うで	腕
うでっぷ	腕
うと	疎踈
うな	鰻唸髫魘
うなが	促
うなぎ	鰻
うなず	頷
うなり	唸
うね	畝畆畴畦畔
うの	卯鵜府
うば	奪姥
うぶ	産生
うま	馬旨甘午
うまかい	圉
うまや	厰廐厩
うみ	海海溟瀛臣膿
うみょう	明
うむ	武
うめ	梅梅楳埋
うめい	命
うめん	麺
うや	谷
うやうや	恭
うやま	敬
うら	浦裏恨占卜怏惆悵慍慊
うらし	嬉
うらな	占
うらない	占
うらや	羨
うり	売賣瓜
うりゅ	瓜
うりよね	糶
うる	潤蔚砂漆
うるい	閏
うるう	閠閏
うるお	潤沾洽霑
うるし	漆
うるち	粫粳
うるわ	麗斌
うれ	愁憂恤悒
うれし	嬉
うわ	上浮
うわぐすり	釉
うわさ	噂
うわばみ	蠎蟒
うん	運雲云慍暈紜繧薀褞韵饂鶤温銀吽耘蘊溫
うー	烏武
え	絵依餌会回恵江重柄會惠繪獲笑得愛衣荏栄英衛悦央壊慧枝美由囘哇噫壞徊攜柯椏榮淮茴衞踝迴錏鐚阨亜右影映永穎頴詠榎押喜兄植星飯茂亞穢鐫
えい	営影映栄永泳英衛詠鋭營榮衞咏塋曵楹殪潁瀛珱纓蠑贏郢霙叡洩瑛裔嬰曳穎頴延喜慧暎睿翳
えいし	喜
ええ	詠鋭榮
えが	描
えき	易液疫益駅役驛奕懌蜴蝪鯣伯浴掖繹腋
えくぼ	靨
えぐ	刔抉
えさ	餌
えだ	枝條
えだち	徭
えち	越噎抉粤蛻軋
えっ	越謁閲
えつ	悦謁越閲謁噎戉抉粤蛻鉞逸咽
えの	榎絵繪
えのき	榎
えび	蛯蝦胡鰕
えびす	戉羌貊夷胡戎
えびら	箙
えみ	笑
えやみ	瘟癘
えら	偉選腮顋掏揀柬
えり	襟衿撰
えん	円園宴延怨援沿演炎煙猿縁艶遠鉛塩媛圓艷鹽緣偃圜娟嫣寃悁掾檐櫞淹渊湲烟爰篶簷莚蜒蜿讌轅鋺閼閹魘黶苑淵冤椽焉綰閻黯厭堰奄掩焔燕賢羨嚥婉捐衍涎臙袁豌焰
えんじゅ	槐
えんの	役
お	悪汚緒小尾雄和惡緖押下起降終織推生惜折帯置追負落老帶塢越央牡御青男夫穂面郎唹淤穗靉郞阿愛浦遠於奥王黄乙恩穏音鬼魚呉皇桜士治臣扇大淡苧渡島忍百保麻勇邑朗卆嗚奧擠櫻殞穩耆訖趁飫黃
おい	甥纓及生追負老笈
おいの	狼
おう	凹央奥往応押旺横欧殴王翁黄皇桜奧應櫻歐毆橫黃嚶墺嫗徃抂汪泱泓澳燠珱瓮甌罌蓊閘鴦鶲逢凰嘔徨怏悒惶晄殃浤湟秧篁簧蝗謳遑鍠隍霙鰉黌粟庵襖鴬鴎鴨仰扇相太鷹淡尾芳邑媼懊枉袍鏖鞅鶯鸚鷗
おうぎ	扇
おうご	朸
おうち	楝
おうな	嫗
おお	大仰多覆王太欧青邑倬歐盍盖葢鉅
おおかみ	狼
おおがめ	鰲鼇
おおぎ	扇
おおご	朸
おおごと	瑟
おおし	繽
おおじ	逵
おおじか	麈
おおぞら	宙
おおち	楝
おおづつ	熕
おおとり	鳳
おおやけ	公
おか	岡丘侵犯冒邱隴岳阜陸嶽畧冐
おが	拝拜
おがみ	拝拜
おき	沖置澳燠奥起興奧
おきて	掟
おきな	翁
おぎ	荻蒹脇
おぎな	補
おぎゅ	荻
おく	奥億屋憶臆奧後送贈遅遲贈檍置皈貽餽饋
おくび	噫
おくみ	袵
おくり	贈
おくりな	謚
おけ	桶岡置
おけら	朮
おこ	興怒
おこし	輿
おこた	怠嬾
おこっ	興
おこな	行
おこり	瘧
おご	僣敖
おごそ	厳嚴
おさ	治収修納抑收長雄佰伯乂熨畧筬艾釐
おさか	刑
おさな	幼孺
おし	教押忍鴛慳
おしきうお	魴
おしゃ	長
おしょ	忍
おじ	牡
おじか	麌
おす	雄
おそ	畏恐教襲遅遲兢怕恟悚惶惴慴懾獺瞿
おそれ	虞恐
おだ	穏穩
おち	落戉榲粤膃鉞乙
おちい	陥陷
おっ	追越億乙
おっく	億
おっと	夫
おつ	乙榲膃越
おと	音劣乙男弟
おとうと	弟
おとぎ	弟
おとこ	男
おとし	落
おとしい	陥陷
おとず	訪
おとり	囮
おとろ	衰
おど	脅躍踊踴
おどし	縅
おどり	踊
おどろ	驚咢駭
おな	同翁女
おながざる	禺
おなもみ	葹
おに	鬼
おにやらい	儺
おの	尾
おのおの	各
おのれ	己
おば	姨
おひつじ	羝
おび	帯帶
おびただ	夥
おびだま	珮
おびや	脅刧
おぼ	覚溺覺沒湎
おぼえ	覚覺
おぼろ	朧
おみ	臣
おも	主面思重侖
おもい	思
おもかげ	俤
おもが	羇
おもがい	覊
おもて	表面
おもねる	侫
おもむ	赴
おもむき	趣况
おもり	錘
おや	親
おゆ	老
およ	泳及迄曁泅
およぎ	泳
おり	折織芳里
おる	織
おれ	俺折
おろ	卸愚
おろし	卸颪
おろち	蠎蟒
おわり	終
おん	怨遠恩温穏音御穩溫慍榲瘟薀褞鰮鰛園苑偃寃飮淹爰菴蜿諳贇轅鋺隠鬼諺雄隱
おんな	女
か	渦下化仮何価佳加可夏嫁家寡科暇果架歌河火禍稼箇花苛荷華菓課貨過蚊靴香鹿日假價禍掛且刈換駆欠兼懸枯交飼借狩書勝替貸代賭買描変嗅變缺驅茄蛤噛駈个咼啝囮堝夥夸廈彁找柯渮珈瑕笳舸萪蝸蝌裹謌譁譌谺賈跏踝遐嘉珂嘩迦霞賀葛個神川歟胯訶顆鰯瓜牡伽禾我雅駕馨栢勘薫圭桂庚甲斯十壬酢赤掃鍛鳥徒風和乂凅呵咥嗄噬囓崋戈挂搗槁痂窩罅翔舁艾虧訛軻鍜齟薰
かあ	母
かい	介会解回塊壊快怪悔懐戒拐改械海灰界皆絵開階貝街潰會壞懷楷繪諧悔海价傀囘剴咼垓夬乢屶嵬廨徊恠挂揩枴椢淮瑰畍盖瞶茴葢薤薈蠏褂觧詼豈迴邂醢隗鞋駭鱠飼買乖哇憇楫橈櫂鬻穎頴廻恢魁晦芥垣萱甘鍵堺掻養偕喙槐獪疥膾蛔誨誡搔
かいが	鎌
かいこ	蚕蠶
かいな	腕
かいばおけ	櫪
かいよね	糴
かいり	浬
かえ	帰返歸換替卻皈
かえで	槭楓
かえり	顧省帰歸
かえる	蟇
かお	顔薫香薰顏
かおり	芬
かおる	彪
かか	関係掲抱關揭嚊嬶各
かかあ	嚊嬶
かかと	踵
かかり	掛係
かが	各利蚊鏡屈香傴僂縢跼
かがみ	鏡鑒鑑
かがみたい	魴
かがみだい	魴
かがや	輝赫曄
かがり	篝
かき	垣柿書墻牆硴蛎蠣
かきの	垣柿
かぎ	鍵限鎰鑰鈎釣鉤
かく	画嚇各拡格核殻獲確穫覚角較郭閣隔革客擴殼畫覺隠隱赫掴咯埆壑斈寉幗愨桷梏椁狢瓠癨膈膕茖蠖覈貉钁霍骼鷽卻矍謔劃廓撹岳鶴嶽挌攪擱攫槨濳馘
かくし	隠隱
かくれ	隠隱
かけ	掛欠懸賭武缺
かけい	筧
かけはし	梯
かけば	齔
かけひ	筧
かげ	陰影蔭景掛崗
かこ	囲圍喞栫
かこう	盖
かご	籠筺轎篭
かさ	傘重笠暈盖葢嵩疉瘡
かさか	笠
かささぎ	鵲
かさなる	疂
かさね	重
かさねる	疂
かざ	風飾桑賁餝
かざし	釵
かざり	錺飾
かし	樫橿貸槝柏
かしこ	賢俐
かしら	頭仟顱
かしわ	柏槲
かじ	柁噛梶楫橈櫂舵囓
かじか	鮖鰍悴
かす	春糟粕和烏
かすがい	鎹
かすみ	霞
かすみの	霞
かすり	綛纃緕
かず	数數一利和壱葛義憲五主寿収宗千知邦凡万量壽收籌萬
かずのこ	鯑
かずら	葛鬘
かせ	稼綛笠枷
かせぎ	稼
かぜ	風
かぞ	数數
かた	潟型形肩片方堅固語硬難難交像舘県賢酢尊竪劼縣鞏騙
かたき	敵
かたじけな	忝
かたち	形皃軆頌貌
かたつむり	蝸
かたな	刀釖
かたぬ	袒
かたば	酢
かたぶき	傾
かたまり	塊
かたみ	筺
かたむ	傾昃
かため	瞎
かたよ	偏
かたわ	傍
かち	勝徒聒蛞豁濶渇渴
かっ	合画各格角閣割喝括活滑葛褐甲勝畫核隔恰渇刈脚喀恪羯闊渴
かっぷ	冠
かつ	割喝括活渇滑葛褐轄喝渴褐担擔劼戛戞曷猾瞎磆聒蛞蠍豁濶鞨頡黠克勝雄尅戡且健鹿捷刮甞蝎闊
かつお	鰹
かつら	葛桂蘰
かづ	和憲
かて	糧粮糅
かと	門
かど	角門廉
かな	金奏悲縢叶銀哉鉄恊鐵
かなえ	鼎
かなえざ	叶
かなまり	鋺
かなめ	要
かなら	必
かに	蟹蠏
かね	金鐘兼釛銀矩周鉄包鐵
かねが	鐘
かねぐら	帑
かの	彼鹿賀叶寒
かのう	叶
かのこ	麑
かはる	陽
かば	樺蒲椛
かばん	鞄
かび	黴
かぶ	株冠蕪
かぶと	甲兜
かぶら	鏑蕪
かべ	壁
かま	釜鎌窯構蒲窰釡鑵竃冓竈
かます	魳叺
かまど	竃
かまびす	嗷聒諠譁讙
かまん	釜
かみ	紙上神髪髮神帋頭
かみかざ	幗珈
かみしも	裃
かみなり	雷
かむ	神
かむら	嘉
かめ	亀龜瓷甌罌瓶甁
かも	醸釀鴨鳧鳬蒲甘神
かもしか	羚
かもじ	髢
かもの	鴨
かや	茅榧茆栢萱柏
かゆ	鬻餬粥癢
かよ	通雅
かよい	通
かよわ	孅
から	殻空唐殼辛絡烏韓税柄涸縢
からか	揶誂
からかさ	傘
からす	烏
からたち	枳
からだ	体體軆
からむし	紵
からめ	搦
かり	仮假刈香借狩甸畋鳫苅雁美
かりがね	鳫
かる	軽輕刈苅
かれ	彼枯儂
かれい	鰔鰈
かろ	軽輕唐
かわ	河革川皮渇乾渴晞渝熈躱
かわぐつ	鞨
かわごろも	裘
かわせみ	翆
かわや	厠廁溷
かわら	瓦甎甓磧磚
かわらげ	駱
かを	夫
かん	感間館官完管巻刊乾冠寒汗漢環甘勘勧喚堪寛干患棺監看簡緩缶肝韓艦観貫還鑑閑関陥甲神栞幹慣憾換敢款歓勸卷歡罐觀關陷寬漢神澗丱凾刋啣圜坎坩奐嫺嫻寰慳懽戡扞拑捍揀旱杆柬橄樌欟歛淦渙湲澣瀚稈篏繝罕羮莟蒄蚶讙豢轗邯酣銜鐶鑒鑵頷顴駻驩骭鬟鰔鰥鸛鼾龕姦柑広菅函廣悍歉燗瞰羹河蒲鎌萱苅侃桓潅竿翰莞諌舘翫咸喊奸宦嵌撼桿檻浣涵灌煥疳癇皖箝緘艱諫鉗鹹
かんが	鑑考鑒
かんざし	釵簪
かんど	梶
かんなぎ	覡
かんぬき	閂
かんの	甲
かんば	芳樺
かんむり	冠冕
が	我牙画芽賀雅餓瓦畫呀哦囮娥峩莪譌鵝果河荷菓峨駕閑子鹿日下仮伽嘉家歌珂箇華蚊俄臥蛾蟹鍬合鈴假衙鵞
がい	劾外害崖慨概涯蓋街該骸慨槪乂剴啀垓崕嵬皚盖睚磑艾葢豈隗駭鮠会貝凱谷會亥海界階咳碍垣飼買丐孩愾漑礙
がえ	替枝
がえる	蛙
がお	顔
がおか	丘
がき	垣書柿描
がぎ	垣
がく	学岳楽額顎學嶽樂壑萼蕚鄂鶚齶角咢斈寉愕狢瘧貉醵鷽覚逆覺諤
がくし	隠隱
がけ	崖垳崕掛
がさ	笠傘嵩
がし	樫貸
がしら	頭
がしわ	柏
がす	粕
がすみ	霞
がすり	絣
がせ	瀬瀨
がた	潟型形方県肩片縣
がたき	敵
がたけ	岳嶽
がたな	刀
がたみ	筐
がたり	語
がだき	滝瀧
がち	曷鞨
がっ	合学楽月勝學樂顎
がつ	月刈勝
がつお	鰹
がに	蟹
がね	金兼鐘鉄鐵
がの	我鹿
がのう	我
がはな	鼻
がま	蒲釜窯竃鎌竈
がまち	框
がみ	紙上神髪髮耳頭
がみね	峰峯
がめ	亀瓶甕甁
がも	蒲鴨
がや	谷萱
がゆ	粥
がら	柄殻十辛殼潟
がらき	楽樂
がらし	嵐
がらす	烏
がり	狩刈苅借
がる	軽輕
がわ	側川皮河革
がわら	瓦
がん	丸含岸玩眼岩頑顔願元偐啣嵒巖愿狠碪芫莟銜頷顏鳫龕癌贋懽扞捍旱澣瀚邯酣駻鼾河官漢貫鑑巌雁厳嚴嵌鴈
き	黄企伎危喜器基奇寄岐希幾忌揮机旗既期棋棄機帰気汽畿祈季紀規記貴起軌輝飢騎鬼亀己生木毀歸氣龜祈既器黃決効斬消切着聴聞利效聽窺亟僖冀剞匱咥唏喟噐圻竒弃愧憙掎揆晞曁曦朞枳棊榿欷沂熈燬燹皈瞶祺禧稘簣籏羇耆虧覊覬譏豈跂餽饋饑熙毅稀吉桔崎樹城智置姫明来几悸綺逵麒亜衣嘉蛎嬉徽杵峡矩公甲哉次水善其鎮妃敷北箕亞來决刄刋卉夬屓峽斫暉杞槎麾淇煕熹畸癸羈聆藝蠣詭諱跪鐫鑚馗騏驥
きき	聞
きく	菊椈鞫掬鞠
きくいむし	蠹蠧
きこ	樵
きこり	樵蕘
きさ	蚶私象
きささげ	楸
きざ	刻兆剞萠雕
きし	岸垠墺汀軋
きしの	岸
きじ	樸雉
きす	鱚
きず	傷築瑕疵
きずな	紲緤縻
きそ	競竸
きた	北鍛来來釟
きたな	汚
きち	吉
きっ	吉喫生切拮亀菊吃桔橘
きつ	吉喫詰迄佶訖頡吃橘屹
きつね	狐
きな	黄黃
きぬ	絹衣
きぬた	碪砧
きね	杵
きの	城木
きのえ	甲
きのこ	蕈
きはだ	檗蘗
きば	牙
きび	厳嚴禝黍峭
きびす	踵
きほ	穂穗
きみ	君王公紀仁
きも	肝
きゃ	脚茄伽華可花
きゃが	可
きゃく	却客脚赫掴卻矍謔醵咯幗膈膕茖郤钁闃骼鬩鴃鵙
きゃっ	却客脚
きゅ	久
きゅう	臼丘久休及吸宮弓急救朽求泣球究窮級糾給旧九嗅舊岌廐廏恷摎樛歙烋疚皀穹繆翕苙蚯裘貅逑邱鬮厩仇灸鳩柩糺躬
きゅうら	厳嚴
きょ	去居巨拒拠挙虚許距據擧虛舉歔踞醵圭墟遽渠鋸景裾倨
きょう	享京供競共凶協叫境峡強恐恭挟教橋況狂狭矯胸脅興郷鏡響驚兄経香峽挾狹經鄕響袷蕎兢竸况刧姜徼恟恊慊抂洶澆皀皎礦秬竅筺篋繦羌薑蛩蛬襁誑轎鞏驍杏侠怯饗梗亰僵冏剄呷哽夐嬌峺摎烱烋畊磬磽窖筴羮逕鏗餃鵁俠亨僑兇匡卿喬彊暁敬景韮脇匈嚮夾曉梟疆矜莢跫鋏陜竟驕
きょく	局曲極亟勗洫蕀跼旭玉棘
きょっ	旭曲極
きよ	清輝潔香斎淳浄精聖雪洌淨瀏皎
きよし	渙清
きら	嫌水明
きり	霧桐切斬
きりぎりす	蛬
きりみ	臠
きりゅ	桐霧
きれ	裂
きろぐらむ	瓩
きろめえとる	粁
きろりっとる	竏
きわ	際究窮極倪
きわだ	檗蘗
きわめ	極
きん	僅勤均巾錦斤琴禁筋緊菌襟謹近金今勤謹檎亰噤忻憖掀擒槿窘箘覲鈞釿麕黔京禽釁欣欽衿訓公瑾菫衾饉
ぎ	偽儀宜戯技擬欺犠疑義議僞戲犧嶬嶷巍曦沂萓器岐棋気規起祇城着木来來匱竒揆棊氣祺簣籏耆跂逵餽饋衣黄伎喜奇机汽紀貴妓蟻誼吉杵樹宣置刀葱几祗羲艤魏黃
ぎく	菊
ぎし	岸
ぎた	北
ぎち	佶
ぎっ	牛切
ぎつね	狐
ぎぬ	衣絹
ぎみ	君
ぎめ	極
ぎも	肝
ぎゃ	茄脚
ぎゃく	虐逆瘧謔屐覈覡鷁
ぎゃっ	逆
ぎゅ	牛
ぎゅう	牛岌久
ぎょ	漁魚御圄圉齬禦馭
ぎょう	仰凝暁業形行曉噛蕎嶢徼澆禺餃驍堯京傚竸勍匣恊檠洽烱煢狎轎迥黥教刑校僥翹蟯
ぎょく	玉嶷曲
ぎら	明
ぎり	桐霧限切
ぎれ	切布
ぎろ	宏
ぎわ	際極
ぎん	吟銀圻垠崟憖沂狠釿金巾懃齦
く	久宮供九句区苦駆庫功口工紅貢區驅悔朽繰酌食組暮来來悔駈劬吁嶇挧枸煦瞿窶衢齲矩公垢授估佝冓冦凅媾廐廏怐恷恟扣搆摎柧桍椌洶疚痼瞽穹箍箜罟胯苟乕蚣蚯蛄蛬觚詬貅賈遘邱鞏鬮鴣皷育右雲核鬼逆丘救汲球倶狗玖躯空孔杭国飽裂篭六吼啗國嗇竒懴懼柞籠蒻袱餔軀
くい	喰杙杭咋食
くう	空倥鞏宮供腔劫
くが	救
くき	茎莖岫洞柊
くぎ	釘
くぐ	濳
くぐり	潜潛
くげ	鵠
くさ	草臭腐臭種日苡
くさか	草
くさぎ	耨
くさみ	嚔嚏
くさめ	嚔嚏
くさり	鎖鏈
くし	串櫛釧
くしげ	匳奩
くしざ	串
くしゃみ	嚔嚏
くじ	籖鬮櫛抉籤
くじら	鯨
くす	楠薬藥葛熏
くすぐ	擽
くすの	楠
くすり	薬藥
くず	葛崩屑樟楠
くずれ	崩
くせ	癖曲
くそ	糞
くだ	管下砕碎摧
くち	口朽
くちなし	梔
くちびる	唇脣
くっ	屈掘倶
くつ	屈掘窟靴倔崛忽鞋朽沓
くつがえ	覆
くつした	襪
くつの	沓
くつわ	啣銜轡
くて	湫
くどくど	諄
くに	国國邦薫訓柴州洲都圀薰
くぬ	功椚
くぬぎ	椢椡櫪椚欅
くの	九此
くば	配
くび	首頚頸
くびき	剄
くびす	跟踵
くぼ	窪
くま	熊隈嵎暈澳汲曲
くまの	熊
くみ	組腫汲訓酌
くむら	久
くめ	粂
くも	雲曇蜘
くや	悔悔
くゆ	熏
くら	倉蔵藏暗比鞍廩儚竸啗峅杳暝溟眛瞹矇罔黯
くらい	位
くらの	蔵藏
くり	栗繰来來刳
くりや	廚厨
くりゅ	栗
くる	狂苦来栗來猖
くるぶし	踝
くるま	車俥輅
くるみ	楜
くるわ	郛
くれ	呉暮榑
くれない	紅
くろ	黒黑緇玄畔黔
くろがね	鉄銕鐡
くろきび	秬
くろごめ	糲
くろだけ	篶
くわ	桑加詳耨鍬咥啣
くわだ	企
くわの	桑
くん	勲君薫訓勳薰桾熏皸皹羣裙醺麕燻葷
くんね	薫薰
くー	姑
ぐ	具愚惧嵎麌久狗弘紅木劬唔寤忤晤滬牾珸瓠瞿禺窶篌藕蛩蜈衢裘逅逑扈餬齬倶玖苦虞郡貢骨颶
ぐい	越杭
ぐう	宮偶遇隅嵎禺藕蛩寓
ぐき	茎莖
ぐけ	絎
ぐさ	草種臭
ぐし	串櫛
ぐす	楠
ぐすく	城
ぐすり	薬藥
ぐせ	癖
ぐち	口
ぐつ	靴葛忽
ぐつわ	轡
ぐに	国國
ぐま	熊隈
ぐみ	組汲
ぐも	雲
ぐもり	曇
ぐら	倉蔵藏鞍
ぐらい	位
ぐらむ	瓦
ぐり	栗群
ぐるま	車
ぐれ	暮榑
ぐろ	黒黑畔
ぐわ	桑
ぐん	群軍郡羣裙麕
け	化仮家華気懸毛假氣蹴消茄胯怪卦价傀咼唏夬夸廨恠挂揩晞曁枅枴椢欷珈瑰畍皈笳笄蝸袿褂觧詼譏谺豈賈跏醯饑髻鱠右花芥掛危希稀袈祁圭慶罫計鶏検笥生付附懈檢癸銷鷄
けい	京競境係傾刑兄啓型契形径恵慶憩掲携敬景渓稽系経継茎蛍計詣警軽鶏徑惠憬溪經繼莖螢輕鷄揭亰偈竸兮冏剄勍夐奚恚憇挂攜枅檠烱煢盻磬禊笄袿迥逕醯髻黥佳圭珪桂罫頚哇蹊頸家馨慧繋荊肇勁奎炯瑩瓊痙硅絅綮脛謦谿閨繫
けが	汚溷褻黷
けき	屐覡郤闃鬩鴃鵙
けさ	畩
けし	消岸
けしか	嗾
けす	簀
けず	削刋刪
けた	桁
けだ	盖葢
けち	决刔劼孑戛戞抉挈瞎訐譎頡髻鴃血
けっ	傑欠決潔結血缺穴蹶
けつ	傑欠決潔穴結血缺偈决刔厥囓孑抉挈杰桀獗碣竭蠍襭覈訐譎頡髻訣頁楔歇纈闕
けな	穴健
けにえ	贄
けぬき	鑷
けば	毳
けむ	煙烟
けむり	煙烟
けもの	獣獸
けら	螻
けり	鳧鳬
けわ	険險峩峭嵒嶇嶢巖隗
けん	間件倹健兼券剣圏堅嫌建憲懸拳検権犬献研絹県肩見謙賢軒遣鍵険顕験繭儉劍圈權檢獻縣險顯驗硏澗俔劵呟夐妍娟幵惓愆慊拑掀搴暄椦歉涓狷甄痃筧綣羂臉蒹諠謇讙蹇鉉顴鵑黔絢巻倦喧牽鹸丱劒卷慳揀柬篏繝腱鑒鰔鰥鹼鎌乾監捲硯宣劔剱嶮眷虔譴釼騫
げ	下夏牙解外化花華気元毛乂倪偈兮剴呀啀囈圻奚崕嵬廈廨找氣沂瑕盻睚睨禊艾薤蠏觧譁貎遐邂隗霓鞋駭鮠鯢麑家悔碍間戯卿袈祁慶芸向削蹴殖笥母柳崗戲礙藝餉
げい	芸迎鯨藝倪囈睨貎霓鯢麑黥磑慶稽鶏猊
げき	劇撃激隙擊屐覡郤闃鬩鴃鵙鷁逆戟檄
げた	桁
げち	偈囓杰桀蘖猾碣磆竭襭覈霓黠吉
げっ	月撃激齧擊
げつ	月囓孑蘖霓鴃頡
げを	雄
げん	眼嫌験元原厳幻弦減源玄現舷言限嚴驗這妍愿芫間喧俔偐啣圜嫺嫻寰嵒巖惓拑湲狠痃豢鉉銜鐶顏顴骭鬟鳫黔監還拳研賢軒絃諺眩衒訝阮硏
こ	黄去拠虚個古呼固孤己庫弧戸故枯湖股虎誇雇顧鼓子小粉木據錮虛黃越凝乞込混焦請懲超濃肥恋戀籠懲个估冱凅夸柧桍楜沍滬瓠痼瞽箍罟葫乕蛄觚賈扈餬鴣皷宇妓胡香昆仔児来亟來兒舉朞歔滸琥禧胯踞箇久居巨許桑乎姑狐糊跨鈷口垢孝幸弘甲高国蚕州正代匂美彦姫巳娘雄篭呱哥國怙抉沽罩腴蝴蠱蠶詁踰辜逾
こい	恋戀鯉濃肥
こいねが	冀
こう	黄格興仰後交侯候光公功効勾厚口向后喉坑好孔孝工巧幸広康恒慌抗拘控攻更校梗構江洪港溝甲皇硬稿紅絞綱耕考肯航荒行衡講貢購郊酵鉱鋼降項香高神耗廣恆效鑛黃神袷噛皐蛤亙伉佝倥傚冓冦匣吭呷哈哽啌堽壙媾嫦峇峺徨怐惶扣扛搆摎杲昊晄晧昿杠枸椌槁槓槹洽浤湟溘烋熕犒狎畊皋皎盍盖矼磽稾窖筴箜篁篌簧絋絳絖纐缸羔羮胱苟葢蒿蚣蝗詬誥軣逅遑遘鍠鏗閘閧闔隍靠頏餃鰉鱇鵁鴿黌河垢宏弘晃杭浩紘腔膏閤剛誠虹日穂祐亢僵况刧哮姜歙皀礦穗筺繦羌翕肛膠薑襁誑撹較革兜鴨顔亨迎桁絃佼倖巷庚昂糠肱砿鴻肴首衝上正叩亘凰咬哄嚆寇崗恍慷拱攪攷敲曠汞洸淆滉煌狡猴甦皓睾耿肓胛薨蛟覯訌
こうがい	笄
こうじ	麹糀麴
こうせ	正
こうぞ	楮
こうの	鴻
こうのとり	鸛
こうぶり	冠
こうべ	首
こうむ	被
こうもり	蝙
こえ	声肥聲咾越
こお	凍幸郡公孝冱冰凅
こおり	氷郡冰凍
こおろぎ	蛩
こがらし	凩
こぎ	漕
こく	克刻告国穀酷黒石谷國黑穀或尅梏槲轂釛亟勗愨洫蕀鵠剋哭斛
こくび	袵
こけ	苔
こげ	焦
ここ	云爰茲
ここに	粤
ここの	九
こころ	心試
こころざ	志
こころざし	志
こころよ	快
こご	凍跼
こし	腰越輿漉濾沪
こしかけ	榻
こしが	越
こしき	轂甑
こしら	拵
こす	宇越
こず	梢
こずえ	杪
こた	応答應荅
こだま	谺魎
こち	迄厥榾獗蠍訖訐鯒鶻
こっ	国骨國滑乞克刻酷黒木黑
こつ	滑骨兀榾鶻笏越乞忽惚
こて	鏝犢鐺
こと	異琴言事殊亊縡珠
ことば	詞
ことぶき	寿壽
ことわ	断斷
こな	粉
こなもち	麭
この	好這近此木憙
このしろ	鮗
こはぜ	鞐
こはだ	樸
こば	拒
こばこ	筺
こひつじ	羔
こび	媚
こぶ	瘤
こぶし	拳
こま	駒困細狛齣
こまん	駒
こみ	込君
こみち	逕
こむ	劒
こめ	米
こめぐら	禀
こも	菰薦
こもの	厮廝
こもり	篭籠
こよみ	暦曆
こら	怺
これ	寔惟是
ころ	頃殺転轉殺轆挙湖擧
ころぎ	蛬
ころも	衣衲
こわ	声聲壊怖壞強
こん	金建献今困墾婚恨懇昆根混痕紺魂獻壼悃棔溷滾狠琿菎袞諢跟鯀鯤鶤近港梱劵坎很忻戡掀暄槿淦渾箘綣諠讙蹇轗釁釿鰔麕龕権坤昏藍崑棍權焜褌
ご	期五互午呉娯後御悟碁語誤護檎唔寤忤晤牾珸篌蜈麌齬古固庫胡吾瑚醐子児小兒冱圄圉棊沍滬秬葫扈醵餬右河牛居興郷虞湖伍梧后豪砂蚕塵其篭籠茣鄕
ごい	鯉恋戀
ごう	強郷業剛号合拷豪傲號鄕噛刧匣哈嗷敖熬藕螯軣遨鰲鼇后降吭嫦岌抂昊晧洽盍盖缸苙葢閧闔頏河興仰迎巧江劫壕轟神峯囂毫盒
ごえ	越声聲肥
ごおり	郡氷
ごく	極獄国石國嶷槲跼釛圀嶽
ごけ	苔
ごころ	心
ごし	越腰漉
ごせ	越生
ごち	倔兀崛碣竭鶻
ごっ	極
ごつ	兀
ごと	言事琴毎每
ごの	河
ごま	駒
ごみ	埖込
ごめ	込米
ごや	越
ごよみ	暦曆
ごり	鮴
ごろ	頃挙来來擧
ごろも	衣
ごわ	強
ごん	勤権厳言嚴權勤檎諢金凾噤圻垠崟很愿擒沂溷狠琿碪窘箘芫莟覲釿頷黔含欣琴艮魂儼蒟
ごんにゃ	蒟
さ	佐唆左差査沙砂詐鎖再作茶下覚割去咲刺指挿提避冷裂插覺乍做嗄嵳扠搓柤梭槎灑簔縒莎蹉釵鮓鯊教狭些嵯紗謝小生早狹鷦猿架寒毅幸叉瑳裟彩菜坂桜皿三山桟舎射蛇酒十浅沢知帆里决冱剳嗟寤拆擘棧櫻淺渣澤瑣磋箚螫
さい	再最歳才債催塞妻宰彩採栽済災采砕祭斎細菜裁載際財埼殺西切濟碎齋殺偲倅伜儕埣崔扠摧寨樶淬灑犲眥眦篩簔綵縡纔腮釵顋雑斉騒嘶壻悽撕擠晢毳淒砌萋齎躋雜齏韲騷骰齊井幸佐哉犀砦紫柴滓猜臍蔡豺賽鰓
さいな	嘖
さいの	幸
さいわ	幸祺禧
さいわい	釐幸
さえ	冴紗
さえぎ	遮
さえず	哢囀
さお	竿棹
さか	逆坂酒栄盛榮阪積咲祥垠
さかい	境圻畍堺
さかえ	栄榮
さかき	榊
さかずき	杯卮巵觚盃
さかだる	櫑罍
さかな	魚肴
さかのぼ	遡泝溯
さかみち	嶝
さから	忤
さかり	盛
さかん	弉
さが	捜探搜相
さき	先崎咲埼碕﨑前向東匂岬嵜曩
さきがけ	魁
さきばらい	蹕
さきよ	聖
さぎ	鷺匂
さく	作削搾昨柵策索錯冊酢做册嘖愬槊槭筴簇縒齪朔窄炸鵲咲柞筰醋鑿
さくせ	鑿
さくぼ	窪
さくら	桜櫻
さくらが	桜櫻
さぐ	探
さけ	酒叫鮭嘖
さけび	哘
さげ	提
さげす	蔑
さこ	硲迫逧
さご	砂
ささ	支笹篠雀朝
ささぎ	陵
ささや	囁聶
ささら	簓
さざなみ	漣
さざら	礫
さし	差刺指挿插緡幸藏
さしはさ	縉
さしわたし	逕
さじ	匙
さす	戡扨刺指
さすが	遉
さず	授教
さそ	誘笹
さそう	哘
さそり	蠍
さぞ	嘸
さだ	定節貞禎
さち	幸久祥
さっ	早幸作昨錯冊刷察札殺沙咲擦薩颯
さっぷ	寒
さっぽ	札
さつ	冊刷察拶撮擦札殺刹殺册扎箚薩差咲紮颯
さつき	皐皋
さて	偖扠扨
さと	里悟諭郷聡智敏閭鄕覚恵仁聖知哲理嶷惠聰覺觧黠
さな	真眞
さなぎ	蛹
さなだ	絛
さぬ	讃
さね	実實
さのり	紀
さば	裁捌鯖
さひろ	宏太
さび	寂銹鏥錆
さぶ	三
さま	様樣
さまた	妨
さまよ	彷徊徘徨
さみ	網
さむ	寒虫淒蟲
さむらい	侍
さめ	雨鮫鯊醒
さめが	醒
さや	彩紗鞘清爽莢
さら	更皿濬
さらし	晒
さる	猿申
さわ	沢澤障触爽騒觸騷早皋隰粟寒譟閙
さわら	鰆椹
さわん	沢澤
さを	勇
さん	三傘参山惨散桟産算蚕賛酸參慘棧蠶贊刪孱嶄巉怎慙慚懴戔攅槧汕潺潸粲糂繖纉纔衫跚鏨鑚閂驂燦珊纂讃餐鑽寒撒杉撰簒爨芟讚
さんしょううお	鯢
さんじゅう	丗
ざ	座挫佐左砂坐蔵嵳藏沙三鹿蓙
ざい	剤在材罪財劑宰才歳済細菜西摧寨濟眥眦纔薺哉栽祭斎載際斉齋齊
ざお	竿棹
ざか	坂阪酒
ざかい	境
ざかな	魚
ざき	崎咲埼岬嵜
ざぎ	崎
ざく	冊尺裂
ざくら	桜櫻
ざけ	酒鮭
ざこ	迫
ざさ	笹
ざし	差射
ざっ	雑雜
ざつ	雑雜襍
ざと	里郷鄕
ざね	実真實眞
ざぶ	三
ざま	様樣
ざむらい	侍
ざめ	覚鮫覺
ざや	鞘
ざら	皿
ざらし	晒
ざる	笊
ざれ	戯戲
ざわ	沢澤
ざん	惨斬暫残慘殘嶄巉懴参山産算參慙慚戔攅槧鏨岸三桟塹懺棧竄讒
し	仕伺使刺司史嗣四士始姉姿子市師志思指支施旨枝止死氏祉私糸紙紫肢脂至視詞詩試誌諮資賜雌飼歯次示自矢恣摯絲齒祉視強絞占染知締敷閉孜偲覗亊俟卮厠厮呰咨咫啻嗤嘶塒孳巵帋廁廝弑徙恃揣撕朿枳梔沚瓷畤痣眥眦竢笶篩粢緇縒纃緕耆耜茲葹蓍薺蚩謚貲齎釶錙阯駟鯔鰤鷙獅滋信新石弛之茂嵐嗜址妛祀舐趾梓磯塩柿沙仔屍斯侍慈宍執篠芝寿住神仁尿馬妹巳吏倭侈俾嘴壽屎岻幟懋殞沁泗滓溲熾祠罔翅肆諡輜閇鴟鵄鹽
しあわ	幸
しい	弑椎
しいた	虐
しいな	秕粃
しいの	椎
しう	章荘莊
しお	塩潮鹽汐栞
しおから	醢
しおが	塩鹽
しおさえ	押
しおの	塩鹽
しか	鹿𠮟飾聢兪詆顰
しかり	尓雁然
しき	式識織色敷厠廁昃穡薔軾餝漉飾鋪荐
しきがわら	甃甎
しきの	色
しきみ	樒櫁軾
しきり	仍
しぎ	鷸鴫
しぐま	羆
しげ	茂欝秀重成繁允栄薫滋臣誠鎮篤蕃誉孳榮茲譽鎭薰
しげる	楙
しこ	重痼
しころ	錏錣鐚
しし	鹿宍猪
ししびしお	醢
しじ	榻
しじか	蹙
しじみ	蜆
しず	静靜沈鎮鎭閑賎倭汨沒湎賤闃
しずか	静靜
しずく	滴雫
した	下舌親慕簧設
したが	従從从徇扈
したた	滴澑
しだし	出
しち	七質喞桎瑟蝨蟋貭隲
しっ	七叱執失嫉湿漆疾濕𠮟櫛悉質尻卓
しっぽ	卓
しつ	執失嫉室湿漆疾質濕𠮟喞瑟蝨蟋貭隲隰叱桎七悉膝
しつけ	躾
しづ	静靜
しで	椣
しと	尿
しとぎ	粢
しとね	茵蓐袵
しとみ	蔀
しな	品科粃稲階級姿嫋稻
しに	死
しね	稲
しの	忍偲篠筱
しのびごと	誄
しのぶ	荵
しば	芝縛柴
しばしば	屡亟
しび	鮪痲
しぶ	渋澁澀
しべ	蕋蕊標蘂
しぼ	絞搾皺柴忍
しぼり	絞
しま	島嶋陦縞洲嶌
しまり	締
しむ	占
しめ	示湿濕締
しも	下霜
しもと	笞
しもの	下
しもべ	僮隸
しゃ	砂舎写射捨赦斜煮社者謝車遮寫社者煮姐柘這俥偖冩畭舍鷓叉沙釈嗄奢扠灑莎釋鮓鯊紗借杓庄赤娑洒瀉炙藉赭
しゃが	嗄躑
しゃく	借尺爵酌釈昔石赤釋勺妁斫爍綽鑠鵲灼册勣嘖愬槭淅磧筴蜥螫裼跖蹐鶺錯杓錫惜積責折嚼癪芍
しゃこ	積
しゃち	鯱
しゃっ	借尺釈赤釋
しゃべ	喋
しゃも	鶤
しゃん	春
しゅ	主取守手朱殊狩珠種腫趣酒首修衆娵娶棕椶茱豎銖陬麈从咒啾悚慫枩楸淞甃皺龝籔綉聳艘艟蒭蚣螽踵蹤鄒銹鏥鞦駲株鐘須撞侏橦洙繻
しゅう	執囚収周宗就州修愁拾秀秋終習臭舟衆襲蹴週酬集醜祝袖收羞臭祝咒售啾岫帚愀楸楫甃皺龝綉緝菘菷螽讎蹤遒逎銹鏥隰鞦駲鰌繍蒐讐澀聳繡羽主守洲輯酋夙春焼崇柊鷲燒聚脩蓚褶驟
しゅく	叔宿淑祝縮粛肅祝俶孰槭倏鬻菽蓿蹙夙
しゅち	卆恤蟀
しゅっ	宿出
しゅつ	出卆恤朮齣蟀
しゅね	俊
しゅん	俊春瞬旬儁凖吮徇恂惷濬皴笋脣荀蓴蕣諄雋鰆竣峻舜駿悛浚蠢逡
しゅんせ	浚
しょ	処初所暑庶緒署書諸處暑署緖諸藷岨舒敘杼沮砠苴蜍雎鼡齟小墸嶼爼踈塩杵曙渚薯墅翔胥蔗蹠鹽
しょう	井従傷償勝匠升召商唱奨宵将小少尚床彰承抄招掌昇昭晶松沼消渉焼焦照症省硝礁祥称章笑粧紹肖衝訟証詔詳象賞鐘障上姓性政星正清生精声青相装憧奬將從燒稱聲裝證祥涉樵甥从倡剿劭勦燮嘯囁墻嫦峭嶂庠廂悚愀慫慴慯慵憔拯搶敞枩椄楫檣歙浹淞瀟烝牆猖獎甞睫筱簫聳聶艟艢蕭薔蚣襄誚踵蹌邵銷鏘陞霄霎韶頌顳驤鮹鱆鱶鷦哨娼庄昌梢湘蕉裳醤鍾鞘聖荘倩剏妝孀懾抓旌椒歃漿炒稍翔腥莊菁蜻諍鈔錚鬆醬塩咲修縦嘗妾廠捷樟菖蒋鉦征請奘悄殤牀猩璋瘴竦笙縱觴誦逍鹽蔣
しょく	嘱飾拭植殖織職色触食囑觸喞寔昃矚禝穡薔軾餝蝕埴燭卓嗇稷謖贖
しょっ	触食觸燭織職蜀
しょの	餉
しょろ	寄
しょーと	遊
しら	白調覈
しらべ	調
しらみ	蝨
しり	尻知
しりがい	鞦
しりぞ	退卻黜
しる	汁記
しるし	印
しれ	知
しろ	城代白皎皚
しろがね	銀
しわ	皴皺塩鹽
しわぶき	咳謦
しを	夫雄
しん	伸信侵唇娠寝審心慎振新森浸深申真神紳臣芯薪親診身辛進針震請津寢愼眞神賑哂嗔忱怎晉沁潯甄畛瞋縉罧脣臻蓁蔘蕈袗襯譖譛讖贐軫鐔駸齔宍晋疹清辰抻蜃欣榛秦探呻宸岑斟晨滲瀋箴鍼
しー	煕
じ	餌仕事似侍児字寺慈持時次滋治璽磁示耳自辞除地路兒辭弍尓怩珥粫膩貮轜司史嗣士子志氏獅至爾痔神人知道二之父亊俟塒孳峙恃瓷畤眥眦穉竢耆耜舐茲薺謚踟茅久牛仔四市師支旨枝死脂詞試而十心進仁甚瀬政智柱夫巳爺林渕瀨
じい	爺
じお	塩鹽
じか	鏡鹿直
じき	食直敷寔
じく	軸忸衄竺竹
じしゃ	轜
じた	舌
じち	質帙
じっ	十実入實拾勢昵
じつ	実日實眤衵十
じな	品
じに	死
じの	師
じば	芝
じま	島嶋縞
じみ	染
じめ	占締
じも	霜
じゃ	蛇邪貰乍砂社者柤槎舎写謝雀馬奢寫闍麝
じゃく	若寂弱着勺鵲雀昔廸瘠糴蓆躑鉐尺杓酌石迹
じゃっ	寂弱惹
じゃん	雀政
じゅ	儒受呪寿授樹需就従壽從咒孺襦珠趣住从售岫愀慵泅茱讎豎遒逎銖頌鰌茅守手殊種綬戍聚
じゅう	拾住充十従柔汁渋獣縦重銃中從澁獸縱从揉泅澀狃糅蹂鈕鞣秋終集什頭儔廚楫畴籀綢胄躊隰鷲絨聚
じゅうと	舅
じゅく	塾熟宿孰
じゅち	朮
じゅっ	十熟術述
じゅつ	術述恤朮十
じゅん	准循旬殉準潤盾純巡遵順凖恂笋荀諄閠絢淳醇吮徇脣蓴閏俊惇馴隼洵筍詢
じょ	助叙女序徐除如敍藷儲舒洳茹所佇敘杼竚紵耡蜍躇齟書薯恕抒絮
じょう	上丈乗冗剰城場壌嬢常情条浄状畳蒸譲醸錠成盛静定縄乘剩壤孃條淨疊繩讓釀靜狀樵喋仍囁嫋弉拯橈烝禳穰絛聶蕘襄諚躡遶鑷顳驤井庄祥性星生青荘劭塲嫦嬲崢憔掟掾攘梃楪樔櫂渟澂甞疉疂窕膓莊萇蜩誂誚邵酲韶髫鰈齠牛鎖傷匠昌照醤丞擾杖穣姓政正誠請帖町頂貞鄭門仗滌繞饒醬
じょうの	城
じょく	辱溽蓐濁縟褥
じょん	正鐘
じら	白
じらみ	虱
じり	尻
じる	汁
じるし	印
じろ	白城
じん	神臣人仁刃尋甚尽腎迅陣盡神仭刄姙恁棯糂荵蕁袵参心進塵靭沈參忱潯蕈贐酖鐔靱鴆深秦針訊珍仞燼衽
じんこう	樒櫁
す	子主守州須酢数素巣數巢過吸好済刷擦酸捨住据澄統透濟籔蒭朱珠寿洲笥諏栖偬嗾娵娶帚怱愡愬掫棕椶樔泝溯簇粽菷蘓赱輳酥陬麁麈右角隅皇司樹周衆十助崇嵩寸蘇鋳苧陶鈴簾鷲吮壽弃掏搨澂簀耡軼鑄饐
すい	出吹垂帥推水炊睡粋衰遂酔穂穗粹醉錘埀彗悴忰惴捶揣榱瘁祟翆隋膸雖陲隧騅錐埣膵吸翠杉西誰邃萃
すう	崇数枢數樞甃皺籔蒭鄒陬怱粽菘秀趨雛芻
すえ	末据甄居未
すか	砂渚鳥賺
すが	菅縋
すがた	姿
すがめ	眇
すき	隙犂犁耜耡釁銛漉次鋤透梳
すぎ	杉枌椙生
すく	救少槭蓿蹙宿淑抔拯贍
すくな	尠
すくも	糘粭
すぐ	優直儁儻杰雋
すけ	助介輔佑祐右侍典之弼補裕亮
すけっ	助
すげ	菅
すげの	菅
すこ	健少
すご	凄菅淒
すさ	淒
すし	鮓
すじ	筋綫脉
すす	勧進薦勸煤啜廸慂慫晉歃獎陟
すすき	薄芒
すすりな	歔
すず	鈴涼篶鈬鑾鐸
すずき	鱸
すずめ	雀
すずめの	雀
すずり	硯
すそ	裾
すた	廃廢
すだま	魑
すち	齣
すっ	寿壽
すっぽん	鼇
すて	捨
すで	既既
すな	砂直
すなわ	輙迺
すなわち	輒
すね	脚臑
すの	洲春墨簀
すばる	昴
すべ	滑全辷
すまし	清
すみ	隅炭墨墨速角住純澄陬寿清燈亟壽
すみの	住
すみれ	菫
すめ	皇
すも	宙
すり	摺擦磨擂
する	摺
するど	鋭
するめ	鯣
すわ	座
すん	寸駿舜澄
すー	徐蘇
ず	事図豆頭圖吋亊子主酢逗廚揄淙竇肚荳讎跿頌骰酸珠寿洲須厨瑞栖巣津辻鶴杜途都鈴壽誦巢
ずい	随髄隨髓錘惴痿膸蕋陏水瑞埀彗悴忰瘁縋隋陲隧
ずいむし	螟
ずう	数通僮慟數淙潼粡艟
ずえ	末
ずか	好塚
ずき	月
ずく	授竹
ずさ	橲總
ずし	鮨
ずち	朮
ずま	瀦潴
ずまさ	秦
ずみ	済住純澄曇濟角祇積炭墨
ずり	刷摺
ずる	鶴
ずれ	連
ずん	寸
せ	施世瀬背瀨競攻責貰勢谷丗扠樶灑畆篩簔葹蛻釵季局所畝姓聖声西脊洗旋忍迫頼竸聲誚賴
せい	井歳省情世凄制勢姓征性成政整星晴正清牲生盛精聖声製西誠誓請逝醒青静斉背婿聲靜齊甥貰倩儕丗嘶噬壻彁彗悽撕擠旌晢毳淒眥眦砌腥萋菁薺蛻蜻齎躋齏韲棲靖浩犀粛城蒸栖泰惺掣晟睛穽肅臍霽
せがれ	倅伜悴忰
せき	関寂隻席惜戚斥昔析石積籍績脊責赤跡夕關槭淅瘠磧蓆蜥螫裼跖蹐鉐鶺汐蹟勣晰碵堰咳尺碩皙
せきばらい	謦
せく	齪
せぐく	跼
せこ	迫
せち	節節凖啜扎晢毳紲絏緤薛褻清
せっ	席石積赤切拙接摂折設窃節説雪攝竊殺瀬隻楔浙瀨
せつ	殺切拙接摂折設窃節説雪刹攝竊殺節凖啜晢椄毳紲絏緤薛褻鞨哲泄哀屑截渫
せの	勢妹
せば	狭狹
せま	狭迫狹狷褊蹙遒逎阨齪
せみ	蜩蝉蟬
せむし	佝傴
せめ	鬩
せり	芹糴糶
せりょ	芹
せん	仙先千占宣専川戦扇栓泉浅洗染潜煎旋線繊羨腺船薦詮践選遷銭鮮專戰淺潛箋纖踐錢揃亶仟倩僉僣吮嬋孅尠孱愃戔擶旃暹槧槫殱湶潺濳濺燹牋甎痊瞻磚籖綫纎羶譱臉荐蟾贍跣銓銛鐫闡阡陝雋韆顫撰穿閃刪剪懴殲汕潸笘纔衫釧山尖栴煽箭賎銑善僊僭擅氈疝癬盞筌筅簽籤翦蘚譫賤餞饌
せんざ	芹
せんちぐらむ	甅
せんちめーとる	糎
せんちりっとる	竰
せんの	仙千
ぜ	是世瀬背儕摧犲眥眦瀨所勢前膳
ぜい	税説毳蚋蛻情勢脆噬彗贅盛西誓背筮
ぜき	関關咳跡藉
ぜち	鞨
ぜっ	節絶舌
ぜつ	絶舌説鞨
ぜに	銭錢湶
ぜにさし	繦
ぜま	狭狹
ぜみ	蝉蟬
ぜん	前善漸然全禅繕膳禪冉苒山仙亶吮喘嬋孱嶄巉槫涎潺濳譱蟾贍鏨雋蝉宣染銭蠕錢髯蟬
そ	塑措狙疎礎祖租粗素組訴阻遡想祖沿初染添反岨囎愬沮爼耡胙蘓踈酥麁鼡齟十噌曽楚蘇泝溯砠苴雎磯甲佐宗曾疏鼠惣荘卒尊湊来來俎厥咀徂梳疽祚莊蔬詛
そい	添
そう	桑宗曾曽僧創双倉喪壮奏爽層想捜掃挿操早曹巣槽燥争痩相窓総草荘葬藻装走送遭霜騒贈雙壯搜插爭總莊裝踪騷巢瘦僧層贈蚤偬剏剿勦卅嗾囃妝嫂孀崢帚弉怱愡慥懆抓掫梍棕椶棗樔歃淙澀澡炒稍窗簇籔粽臧艘艚菷諍譟賍赱輳鈔錚陬襍霎髞鮹三叢惣綜聡蒼廂搶漱獎襄蹌躁鏘驤鱶粟磯茅繰崇宋匝掻槍漕糟沢爪湊匆叟嗽噪愴滄澤瘡箏筝聰艙搔
そうろう	候
そえ	添副傍
そえうま	驂
そぎ	枌祓
そく	塞促側則即息捉束測足速卽厠廁昃穡簇薔戝喞矚禝燭仄惻熄
そこ	底損椢
そし	詆譏譖譛
そそ	注笹澆濺灑
そそのか	唆嗾
そだ	育毓
そち	倅伜卆埣猝
そっ	側即速卒率卽測卆
そつ	卒率倅伜卆埣猝蟀
そで	袖
そと	外
そな	供備
その	園囿苜苑薗其彼
そば	蕎岨側傍
そばだ	崛欹
そび	聳
そま	杣
そむ	背
そめ	染
そら	空昊旻穹霄徂諳
そり	膤艝轌釖剃反橇
それ	厥
そろ	揃
そん	存孫尊損村遜噂墫拵蹲糂驂松成忖邨
そんじ	松
ぞ	曾曽須祖沮胙衣座宗僧
ぞい	添
ぞう	雑象像増憎臓蔵贈造臟藏雜增憎贈慥賍襍作三草墻庠弉梍檣淙牆艚艢薔僧双曹相雙贓
ぞえ	添副沿
ぞく	俗属賊族続屬續簇束足戝粟蔟鏃
ぞこ	底
ぞっ	続續俗属屬
ぞの	園苑薗
ぞむ	望
ぞめ	染初
ぞら	空
ぞん	存尊拵蹲
た	手他多太汰田堪矯建裁食垂炊絶足耐断立斷詑柁它岔橢沱隋躱鴕駄咫右蓋玉大達谷丹炭忠天藤隆咤埀夛殄澑闌
たい	太体堆対耐帯待怠態戴替泰滞胎袋貸退逮隊代台大對帶滯臺體平擡抬玳紿薹蛻詒鐓靆嚔嚏楴洟涕羝蒂蔕裼觝詆軆輟錣岱腿苔黛鯛帝諦殆當褪頽颱駘
たいの	鯛
たいら	平
たいらの	平
たえ	妙栲
たお	倒島桃仆僵垰嫋嵶殪
たおやか	婀
たか	高貴敬孝尚崇鷹隆宇岳毅宜義享喬恭尭昂剛宗嵩尊卓宅竹哲堂武宝峰雄誉亘倬寶岌崛嶽巍敞杲譽堯
たかし	皐巍敞髞
たかの	鷹
たかむら	篁
たから	宝寶寳貲財
たかんな	笋
たが	互箍靠
たがね	鏨
たがや	耕畊畉
たき	滝瀧薫炊焚薰
たきぎ	薪蕘
たきの	建滝瀧
たぎ	滾
たく	卓宅択拓沢濯託度擇澤巧倬啅戳拆柝櫂躅鈬琢匠啄托鐸坦詫
たくわ	蓄儲
たぐ	類類
たぐい	伉畴
たけ	岳丈竹嶽斌健剛茸武蕈赳威毅建豪崇嵩壮長孟猛雄壯
たけき	彪
たけし	彪驍
たけなわ	酣闌
たけの	竹炬
たけのこ	笋筍
たこ	鮹鱆蛸竹
たご	宕
たし	確達足慥
たしな	窘
たじ	丹
たす	助
たすき	襷
たず	尋訪
たずさ	携攜
たずな	羇
たた	畳疊忠扣疉祟頌
たたか	戦闘戰鬭鬪
たたず	佇
たたずむ	竚
たたみ	畳疊疉疂
たたむ	疂
たたら	鑪
ただ	正但直只忠維雅匡貞唯飭啻尹擶糜逕
ただし	但
ただよ	漂漾
たち	達立妲怛貭逹闥舘
たちばな	橘
たちばなの	橘
たちま	乍
たちまち	倏
たちもとお	裴躑
たっ	卓宅達多辰立竜龍磔謫
たっちゅ	塔
たっと	貴尊
たつ	達竜龍妲怛逹錣闥辰立起健建樹瀧竪田塔撻燵
たつの	滝瀧辰
たつみ	巽
たづな	覊
たて	縦盾縱館建立豎舘楯帯竪奉帶蓼
たてがみ	鬣
たてまつ	奉
たで	蓼
たと	例譬
たど	辿
たな	棚廛種
たに	谷澗壑峪渓溪
たぬき	貍
たね	種胤稙
たの	楽頼樂賴佚恃熈
たは	敬
たば	束刃
たばか	誑
たばこ	莨
たばみ	漿
たび	度旅羇襪覊韈
たふ	椨
たぶ	椨
たぶさ	髻
たぶら	誑
たぼ	髱
たま	球玉弾霊彈靈賜珠圭魂瑞澑賚
たまき	鐶
たまご	卵孚
たましい	魂
たまの	楡
たまもの	賚
たまり	澑
たまわ	賜
たみ	民丹氓仁
ため	試為溜澑爲
ためら	躇躊
たも	保
たもと	袂
たよ	便頼賴
たら	鰔荒垂鱈誑
たり	垂足
たる	垂樽滴熾
たるき	桷椽榱
たれ	孰垂
たれがみ	髦
たわ	乢嵶橈
たわむ	戯戲謔
たわむれ	詼
たわら	俵
たん	丹単嘆担探旦淡炭短端綻胆誕鍛壇反單擔膽嘆亶啗壜彖慱摶攤槫檐殫毯湍猯眈簟罎葮蕁蜑袒襌褝襷覃賺赧鄲鐔餤堪谷坦箪蛋酖簞但歎湛耽檀田湯呑曇啖憚憺潭澹痰站譚靼
たんの	淡
たー	重
だ	蛇唾堕妥惰打駄墮出抱詑柁儺娜拏梛橢糯陏多太楕陀騨田沱隋鴕驒舵第達佗兌懦拿朶荼躰駝
だい	代台大第題弟内臺迺餒体戴鯛醍提梯妹擡棣玳睇紿薹詒鐓靆體髢太岱態乃
だいだい	橙
だいら	平
だか	高鷹
だから	宝寶
だかり	渠
だき	滝瀧抱
だく	濁諾沢櫂澤躅鈬
だけ	岳竹嶽丈嵩武
だこ	凧蛸
だし	出
だたみ	畳疊
だち	達立逹裁
だっ	奪脱韃
だつ	奪脱妲怛達
だて	館立舘楯点點
だな	棚
だに	谷渓溪
だぬき	狸
だね	種
だま	黙默玉霊靈魂珠弾彈騙
だら	鱈渡
だらい	盥
だる	怠樽
だれ	誰垂
だわら	俵
だを	男
だん	旦団壇弾断暖段男談團彈斷娚赧檀啗慱摶槫葮蜑袒餤坦淡箪煖疸簞
ち	血治質千値知地恥池痴稚置致遅乳癡緻遲散蜘抬穉笞耻胝貭踟躓輊魑茅智馳盤仟右喜佐市持七昌道褫
ちぁん	江
ちい	小
ちいわし	鰯
ちえ	恒恆
ちか	近誓親允央幾規恭哉史周寸力隣
ちから	力
ちが	違
ちき	飭陟
ちきり	椦
ちぎ	契
ちく	築畜竹蓄逐矗筑
ちぐせ	癖
ちさ	苣
ちすじ	胄
ちち	乳父秩膣腟
ちぢ	縮
ちっ	窒築竹秩蟄
ちつ	秩窒帙膣腟蟄
ちどり	鵆
ちぬ	釁
ちの	茅
ちのみご	孺
ちぶえ	笛
ちまき	粽
ちゃ	茶爺
ちゃく	嫡着躇俶拆逖
ちゃっ	着
ちゃん	昌
ちゅ	中
ちゅう	沖中仲宙忠抽昼柱注虫衷酎鋳駐晝蟲鑄偸儔廚惆狆畴籀綢蛛躊鈕鍮厨冑冢疇胄註紬肘紐冲稠紂誅
ちゅち	黜
ちゅつ	朮黜
ちゅん	春
ちょ	緒著貯緖著瀦儲佇杼楮竚紵豬躇猪樗
ちょう	超町長庁丁重澄兆帳弔張彫徴懲挑朝潮眺聴腸調跳頂鳥釣貼嘲廳聽徵懲喋冢塲悵昶楪樢沾漲澂疉疂窕笘糶膓萇蜩誂輒輙雕髫鰈齠帖牒蝶諜銚提啅廰甼箚罩蟶遉酊騁凋寵暢脹佻掉晁疔貂趙迢
ちょく	勅捗直敕飭躅陟
ちょっ	直勅敕
ちょる	哲
ちょん	鄭
ちり	塵
ちりば	鏤
ちん	朕沈珍賃鎮陳鎭碪趁鍖鴆青灯燈抻狆酖隠慶椿枕珎趾闖隱
ちんた	青
ぢ	血知地
ぢか	近
ぢから	力
ぢゃ	茶
つ	津通都都詰継告次就尽積接着漬釣摘突付連盡繼突美偸兔抖睹肚蚪蠹蠧覩鍮鬪威越黄厚十拓廿律葎恆抓搶搗擣椄殄殫渫燵纉誥踵酘黃
つい	対墜椎追對費錘縋衝堆槌
ついで	敘
ついに	卆
ついば	喋
つう	痛通鶇鶫
つえ	枴梃杖
つか	塚塚遣仕使疲捕掴束冢司筑柄劬拏痞瘁羸閊
つかい	徭使
つかさ	司
つかの	塚
つが	樛栂
つがい	番
つがね	束
つき	月槻付欟鴾宮継属築着突附坏屬憑繼舂
つぎ	次継繼亜嗣接二亞
つく	作創造筑佃附做殱竭
つくえ	机
つくした	韈
つくだ	佃
つくばう	蹲
つくり	造作
つくろ	繕
つぐ	亜嗣次亞韶頌胤継司従二噤從拑繹繼
つぐな	償
つぐみ	鶇鶫
つけ	漬付附
つげ	柘
つし	對
つじ	辻逵寿壽
つた	伝傳樢蘿蔦嶌
つたな	拙
つち	土槌
つちか	培
つちふる	霾
つつ	筒包劼坡裹
つつが	恙
つつし	謹慎愼謹兢愨愿
つつじ	榴
つつじが	榴
つつみ	堤陂
つづ	続續葛綴廿
つづき	続續
つづみ	鼓皷堤
つづら	葛九綴
つづり	綴
つづれ	綴
つと	勤努務勤孜苴劭劼勗懋
つど	集
つな	綱緤覊
つなぎ	貫
つなの	綱
つね	常経恒彝彜經永雅識典凡庸恆抓
つねあ	恆
つの	角募都
つば	唾鐔鍔椿
つばき	椿
つばくろ	燕
つばさ	翼
つばめ	燕
つびし	菱
つぶ	粒潰円圓
つぶて	礫
つぶや	呟
つぶら	円圓
つぼ	坪壷坩壺
つぼの	坪
つぼみ	莟蕾
つぽ	浦
つま	妻爪褄嬬抓
つまこ	孥
つまず	跌蹉躓
つまだ	跂
つまばさ	襭
つまみ	鈕
つみ	罪積摘墨
つむ	紡錘摘勣緝
つむぎ	紬
つむじかぜ	飃飆
つめ	爪冷詰
つもり	積
つや	艶艷
つゆ	露
つよ	強毅剛豪倔遒逎
つよい	勍
つよし	彪
つら	面連貫緜聨
つらつら	倩
つらぬ	貫
つらぬく	琲
つり	釣吊
つりいと	緡
つりゅ	鶴
つる	弦鶴敦寉鉉霍釣蔓
つるぎ	剣劍劒
つれ	連
つれあい	逑
つわもの	兵軍
つを	夫雄
づ	図津圖鶴都
づい	髄髓
づえ	杖
づか	塚司束柄
づかい	遣
づき	月築筑槻突付
づく	附
づくえ	机
づくし	尽盡
づくり	作造
づけ	漬付
づち	槌土鎚
づつ	筒
づつみ	堤
づて	伝傳
づと	苞
づな	綱縄繩
づの	角
づま	妻
づみ	積墨
づめ	詰爪
づもり	積
づら	辛面
づり	刷釣
づる	鶴弦蔓
て	手照逹輝泰貞帝弟汀天点樋幣豊弖豐點
てい	体丁亭低停偵貞呈堤定帝底庭廷弟抵提程締艇訂諦逓邸遞體嚔嚏廰掟梃棣楴洟涕渟甼睇羝蒂蔕蟶裼觝詆軆輟遉酊酲錣騁髢袋蹄俤代綴剃悌挺梯汀碇禎鄭釘鼎叮幀柢牴逞霆
てう	鳥
てかせ	梏
てがた	劵
てき	摘敵滴的笛適俶廸糴躑逖擢剔擲狄覿
てこ	杆杠梃槓
てすり	闌
てち	僣啜輟銕錣鐡餮
てっ	徹撤鉄鐵手敵適轍
てつ	哲徹撤迭鉄鐵佚僣咥啜垤耋跌軼輟銕錣鐡餮綴誓轍徳德
てら	寺
てらし	輝
てらす	照
てり	照
てる	輝光照晃昭皓
てれ	寺
てん	典天展店添転点殿轉點塡辿甸唸嗔囀壥廛忝畋椽殄沾沺癲簟纒腆覘諂躔銛鏈霑靦鷆鷏填纏顛篆顚甜伝傳奠巓恬輾
で	弟出手和豊豐
でい	泥濔袮
でかぐらむ	瓧
でかめーとる	籵
でかりっとる	竍
でき	溺
でこ	凸
でしぐらむ	瓰
でしめーとる	粉
でしりっとる	竕
でち	佚咥垤耋跌軼
でや	亭
でら	寺
でを	夫
でん	伝殿田電傳拈黏典甸嗔壥廛畋椽殄沺簟纒袒賺躔鷆鷏澱奠臀鈿
と	戸十図吐塗妬徒斗渡登賭途都度土頭圖都解研採撮止執取遂説跳泊飛富閉捕問溶留硏兔睹肚蚪蠹蠧覩跿外人青鳥杜砥敏豊門利籘豐永遠兜久勝仁津徹兎屠菟鍍砺刀唐等騰洞道寅冨卜本熔里搴櫃爍畄礪秉莵觧遏銷鑠閇
とい	樋
といし	砥
とう	等島棟塔刀頭党稲登倒冬凍唐悼投搭東桃盗湯灯燈当痘答筒糖統到藤討謄豆踏逃透陶騰闘道読納盜當稻讀黨鬭吋萄偸僮儻剳啅夲嶝帑幢慟抖掏揄搗搨擣朷档榻櫂淌滕溏澂潼蘯磴礑竇箚籘粡絛綢綯縢纛罩艟苳荅荳蚪螳蟷襠蹈迯釖鍮陦鞳饕骰鬪鰈鶇鶫鼕桐淘涛祷董洞任父濤疼蓊薹禱遠桶十沼逗多塘套蕩瞳百撓滔盪籐鞜韜
とうげ	峠
とうと	貴尊
とうまる	鶤
とお	十遠通藐逖遐
とおり	通
とかげ	蜥
とが	栂咎
とがの	栂
とき	時常龝閧鴾刻辰鴇朗
とぎ	伽磨
とく	匿得徳特督篤読讀德悳慝纛髑黷玉涜禿牘瀆
とぐろ	塒
とげ	朿
とこ	床常砧徳德
とこくさ	臭
とこしばり	輹
とこの	床
ところ	所攸処處
とし	年紀哉歳寿俊智敏利鋭憲厳淑聡知敦稔怜廉嚴壽
としよ	耋
とじ	綴
とせ	歳
とち	栃杤柮橡栩
とっ	取鳥特突徳篤独凸吶咄獨德
とっく	徳德
とつ	突凸嫁鳥咄訥突柮皈
とて	迚
ととの	整調
とど	届屆鯔椴渟畄遏
とどき	届屆
とどけ	届屆
とどけい	届屆
とどこお	滞滯
とどろ	轟軣驫
とな	唱隣倡徇鄰
となり	隣鄰
との	殿外渡砥
とば	殺
とばり	幃幎
とび	飛鵈跳鳶
とびら	扉闔
とぶ	飛
とぶひ	烽
とぼ	乏
とま	苫篷
とみ	富臣冨智豊豐
とむら	弔
とむらい	弔
とめ	留
とも	供共友知智朝典朋倫艢艫舮寛具兼公治丈寅曇那伴僚偕舳鞆寬
ともえ	巴
ともがら	們儕儔
ともし	灯燈
ともな	伴
ともゆ	栄榮
とや	塒
とよ	豊豐樋
とら	虎捉彪寅乕擒
とり	鳥鶏取部鷄工採酉捕
とりこ	擒
とりで	砦寨塁
とりの	鷲
とろ	瀞蘯
とん	団屯豚頓問團噸暾燉遯鐓飩東沌富瓲眈酖同敦遁
ど	努度土奴怒孥帑戸処渡頭道處跿殿堵登途都燈堂読曇門呶弩絨讀駑
どい	樋
どう	働動同堂導洞瞳童胴道銅萄僮儂嫐慟曩橈潼瑙碯耨艟衲鐃閙靹鬧倒東等答藤豆幢掏滕溏澂蘯籘綯縢纛螳蹈迯鼕渡灯燈頭憧撞百恫棠獰瞠
どお	遠
どおり	通
どき	時鬨
どく	毒独読獨讀得纛躅髑黷徳德
どこ	床
どころ	所処處
どし	年
どじょう	鯲鰌
どっ	独読獨讀毒
どつ	肭
どなり	隣
どの	殿
どばと	鴿
どぶ	溝
どぶがい	蚌
どまり	泊
どみ	富冨留
どめ	留止富
ども	供人共塘
どら	鐃鑼
どり	鶏取鳥鷄
どろ	泥淤洞瀞
どん	曇鈍丼貪噸嫩壜燉罎蕁襷覃遯鐔飩団灯燈頓呑團緞
どんぐり	杼
どんぶり	丼
な	菜奈那南納名萎慣泣成投亡無鳴馴儺娜拏梛糯阿永夏魚穴今七長楠汝乃波苗撫流梁和做啾嚶拊捫涕狃狎甞痿綯罔舐褻
ない	内濔袮迺餒袋乃撫
ないじょ	撫
なえ	苗秧
なお	治直尚真仍犹眞胖巨修有
なおあ	尚
なか	中仲半腹
なから	半
なが	永眺長流乍久良祥袤
ながえ	轅
ながしめ	睥
ながめ	眺
ながやみ	痼
ながれ	流
ながわずら	痼
なき	泣鳴啼
なきはは	妣
なぎ	凪薙梛渚袋柳椥彅
なぎさ	沚瀲
なぐ	殴毆
なぐさ	慰
なげ	嘆嘆唏喟慟欷
なこ	粉勿
なこうど	妁
なご	和
なごな	粉
なさ	情
なし	梨無
なしり	後
なずな	薺
なぞ	謎
なぞら	凖
なた	屶鉈
なだ	灘泪
なっ	納捺
なつ	夏懐懷捺撫
なつぞら	昊
なつめ	棗
なづる	鶴
なて	梯
など	抔
なな	七斜
なに	何曷
なぬ	七
なの	七菜
なぶ	嬲嫐
なべ	鍋辺邊滑邉
なま	生怠
なまぐさ	羶腥
なまじい	憖
なまじり	眥眦睚
なます	齏韲鱠
なまず	鮟癜鯰
なまた	俣
なまり	鉛訛
なみ	波並竝次南浪瀚涛列濤
なみだ	涙淚涕
なみの	浪
なめ	滑嘗鞣
なめしがわ	鞣
なや	悩惱蹇
なら	習並倣竝楢伉傚雙嫺嫻狃肄
ならい	習
なり	成也允業形詞慈就伸震勢晴誠斉鳴齊
なる	完成鳴愛育徳德
なれ	馴
なれう	馴
なれしか	麋
なわ	縄苗繩輪
なわて	畷
なん	何男南軟難納難娚灘楠喃盍
なんじ	尓迺
なんぞ	奚曷瑕遐
なんなんと	埀
に	荷児仁二尼弐兒貳似煮逃煮新丹日弍尓怩珥膩貮轜爾西迩姫迯邇
にあき	昭
にい	新
にえ	錵贄
にお	臭匂臭鳰
におい	香匂
にが	苦
にがみ	神
にきび	皰靤
にぎ	握賑
にぎり	握
にく	肉憎憎忸溽蓐衄辱
にご	濁溷
にごり	濁
にごりざけ	醪
にし	西螺
にしき	錦
にしん	鯡鰊
にじ	虹霓躪
にじゅう	廿
にじり	躙
にせ	偽僞偐贋
にた	似
にち	日衵
にっ	日仁肉
につ	仁
にな	担擔蠡蜷
にの	二似
にぶ	鈍
にゃ	若
にゃく	若蒻
にゃん	娘
にゅ	壬丹二
にゅう	柔乳入孺揉狃糅襦蹂鈕鞣敷涌
にょ	女如洳茹
にょう	女尿仍囁佞侫嫋橈檸濘禳穰聶聹蕘躡遶鐃鑷閙顳鬧如
にょん	寧
にら	薤韮盻眈睨
にらぐ	淬
にれ	楡
にわ	庭猝
にわか	卆怱霍
にわざくら	棣
にわたずみ	潦
にわとり	鶏鷄
にん	人任妊忍認仁仭刄姙恁棯荵袵閠刃
ぬ	脱塗抜縫拔怒孥帑渟耨沼奴
ぬい	痿蕋縫
ぬえ	鵺
ぬか	糠額倥濘
ぬき	貫樌抜拔
ぬく	温貫溫
ぬぐ	拭揩
ぬぐい	拭
ぬけ	抜拔
ぬけがら	蛻
ぬさ	幤幣
ぬし	主
ぬす	盗盜偸
ぬた	汢垈
ぬっ	沼
ぬった	沼
ぬで	椦
ぬなわ	茆蓴
ぬの	布
ぬのこ	褞
ぬま	沼
ぬめ	絖
ぬり	塗
ぬる	温溫塗溜
ぬれ	濡
ね	音根値寝練寢練廻蚋袮右恵子如禰祢猫峰嶺惠涅鯰
ねい	寧佞侫檸濘聹袮蚋嚀
ねえ	姐
ねが	願覦
ねぎ	葱
ねぎら	犒
ねぐら	塒
ねこ	猫
ねじ	捩
ねず	鼠
ねずみ	鼡鼠
ねた	妬
ねっ	熱根
ねつ	熱捏
ねば	粘黏
ねぶ	舐
ねぼうき	箒
ねむ	眠
ねむのき	棔
ねら	狙
ねり	練
ねん	然年念捻燃粘唸縁冉娚拈苒赧黏緣撚稔
ねんご	懇諄
の	野飲延載述乗伸乘暖乃之濃能儂孥篦迺於犬蔵廼埜納農武箆舒抻飮熨箟藏饒
のう	悩濃納能脳農惱腦檸応王嚢膿儂嫐應曩瑙碯衲靹囊翁皇呪南苗
のえ	辺
のおく	奧
のが	逃佚迯逋遯
のき	軒檐
のく	溽
のくま	隈
のこ	残殘鋸
のこぎり	鋸
のこり	残殘
のごう	鄕
のし	熨
のす	巢
のせ	瀨
のせき	關
のぞ	除望臨窺覗希莅覘
のたき	瀧
のち	後肭
のっ	乗野乘
のとう	洞
のど	喉吭頏
ののし	罵詬
のはし	觜
のはま	濱
のび	燹
のぶ	亙延修伸信宣夫頌惟允悦円喜宜啓史将誠暢展登寅房靖庸倫亘圓將迪
のべ	延
のぼ	昇上登躋陞陟
のぼり	登幟
のぼる	皐陟
のまき	卷
のみ	蚤飲呑御斐
のよ	與
のり	雅紀規教憲乗則智哲典登徳範法律乘凖笵德永寛祈儀宜義矩訓啓敬謙賢糊功孝至式昇慎仁仙宣展伯文稔倫令寬
のろ	呪麕咒
のろし	烽
のん	儂音呑嫩飲穏暢穩
は	羽歯刃端把覇波派破葉霸齒映栄果腫晴生掃恥張跳貼吐履榮剝捌坡怕碆笆耙菠袙陂長播芳刄爬稲華垣早土巴杷伯幡八半繁飯万麓咯垪忸愧慙慚玻稻篏葩萬跛迸騁
はい	灰俳廃拝排敗杯背肺輩配廢拜入這孛徘悖擺沛湃珮琲碚裴霈鞴牌俾嬖睥篦胚蓖閇海榛掃早走盃誹稗佩旆癈
はいたか	鷂
はう	這
はえ	鮠榛
はか	墓計諮図測謀量圖博塋伯仭咨揆揣畧謨銓
はかな	儚
はかま	袴
はかりごと	揆畧
はがね	鋼
はき	吐履
はきもの	屐
はぎ	萩骭矧剥剝
はぎゅ	萩
はく	伯博拍泊白舶薄迫剝亳佰岶愽擘樸檗蘗璞膊薜陌駮剥珀柏箔帛搏魄
はぐき	齶
はぐく	育孚毓
はぐさ	莠
はげ	激励勵禿
はこ	箱運函凾匣匳奩椢筺筥
はさ	挟挾久狹襭
はさま	迫
はさみ	螯
はざ	陌廻挟迫挾
はざま	硲逧
はし	橋端箸走階梯梁犇赱
はしけ	艀
はしら	柱楹
はしり	走
はじ	恥始初慙慚耻詬剏
はじかみ	薑
はじきざ	弾
はじめ	弌俶始
はす	蓮
はすのね	藕
はず	外弾彈筈
はずかし	辱詬
はせ	支
はぜ	鯊櫨
はた	旗機端畑秦幡畠幢旃旌旙礑籏傍
はたけ	畑畠
はたさ	旗
はたと	礑
はたはた	鰰
はたぼこ	纛
はたら	働
はだ	肌秦膚
はだか	裸
はだぎ	襦襯
はだし	跣
はだぬ	裼
はち	八鉢蜂捌甌釟
はちす	蓮
はちの	鉢
はっ	法白八発醗服發醱初波薄百
はっく	貊
はつ	初鉢発髪發髮捌秡罸釟魃廿服溌撥觜潑
はて	垓
はと	鳩鴿
はな	花華鼻放離話洟纐英端塙
はないき	嚊
はなし	話噺
はなだ	縹
はなぢ	衂衄
はなは	甚
はなむけ	贐
はなれ	離
はなわ	塙
はなん	花
はに	埴
はね	羽
はは	母媽
ははき	箒
はば	幅阻掵巾沮
はぶ	省畧
はま	浜濱
はまぐり	蛤蚌
はますげ	莎
はも	鱧
はや	早速蚤勇鮠逸隼囃湍駛
はやし	林
はやせ	湍
はやぶさ	鶻
はら	原腹払拂肚姙禊禳秡襄
はらい	払拂祓
はらし	晴
はらみ	孕
はららご	鯡
はらわた	膓
はり	針張畭晴貼播梁
はりつけ	桀
はりゅ	針
はる	春治榛晴栄温元原玄浩清暖朝東美敏明靖遥陽夐榮迥遙溫
はるか	杳
はれ	晴
はれもの	癰
はん	坂阪伴判半反帆搬斑板氾汎版犯班畔繁般藩販範煩頒飯凡繁旙樊汳泛潘燔笵繙胖膰蹣鈑鐇鷭漢榛叛拌攀槃瘢絆范袢
はんぞう	楾
ば	場婆罵馬化嘛瑪痲碼蟆羽歯刃張庭波芭発葉塲發陂齒左破伯迫蕃芳旛
ばい	倍培媒梅買売賠陪賣梅瑁眛裴霾灰配孛徘悖珮琲莓薜鞴髀唄排敗杯輩煤狽黴
ばえ	映蝿蠅
ばかま	袴
ばかり	秤
ばく	博漠爆縛麦暴幕麥愽獏皃脉藐蟆袙貉貊貘陌曝莫亳伯白駁寞瀑驀
ばくろ	伯
ばけ	化
ばこ	箱函
ばさみ	鋏
ばし	橋矼箸
ばしら	柱
ばしり	走
ばす	蓮
ばせ	橋馳
ばた	端幡畑旗畠俣
ばたけ	畑畠
ばち	罰罸鉢蜂枹魃
ばっ	伐罰抜拔麦八末跋麥
ばった	蝗
ばつ	伐罰抜閥末拔罸襪靺韈魃祓跋
ばと	鳩
ばな	花鼻華端
ばなし	話噺咄
ばね	羽
ばば	婆糞
ばま	浜濱
ばみ	喰漿
ばや	早
ばやし	林
ばら	原腹茨服
ばらい	払拂
ばり	治針張鉤
ばる	原春
ばれ	晴
ばん	伴判板晩番盤蛮万萬蠻晚卍悗旙縵謾蹣鏝鷭坂播版挽磐絆胖阪半蕃礬蟠輓鑁
ぱ	羽端播覇波派破霸歯頗叭齒
ぱい	廃拝敗杯肺輩配廢拜俳盃牌佩憊
ぱく	博拍泊白箔舶迫伯薄駁帛魄
ぱだか	裸
ぱち	八
ぱつ	発髪發髮溌撥潑
ぱま	浜濱
ぱら	原腹
ぱり	張
ぱる	春
ぱん	判搬板版犯繁般藩販幡半帆範飯
ひ	火灯燈日卑否妃彼悲扉批披比泌疲皮碑秘罷肥被費避非飛氷祕卑碑引干弾冷彈俾嚊妣怫朏榧殍狒痞秕篦粃糒紕羆翡蓖譬貔豼賁陂霏鞁鞴髀鯡秀緋誹樋陽冰暃杼梭痺英遠飯匪庇斐簸桧姫不丕冱婢屁拏掎曵檜涸砒脾腓蜚裨鄙
ひい	秀贔
ひいら	柊
ひうち	燧
ひえ	稗冷
ひか	光控扣熈爍熙
ひかえ	控
ひかがみ	膕
ひかり	光
ひかる	光
ひが	僻
ひがい	鰉
ひがし	東
ひき	匹率引曳皀蟆挽疋碾蟇
ひく	低曳
ひぐま	羆
ひぐらし	蜩
ひげ	髭鬚
ひこ	彦光州
ひこき	彦
ひこばえ	蘖
ひご	籖
ひさ	久寿永央宏尚仙之悠壽鬻
ひさぎ	楸
ひさご	匏瓠蠡
ひさし	廂廡檐簷
ひさめ	霈
ひざ	膝
ひし	菱蔆
ひしお	醢
ひしひし	犇
ひしめ	犇
ひしゃく	杓
ひじ	肘土肱
ひじき	枅
ひじり	聖
ひそ	潜潛久濳顰
ひた	浸常直
ひたい	額
ひたき	鶲
ひたし	浸
ひだ	襞
ひだり	左
ひち	篳蹕七
ひちくど	諄
ひっ	引匹必筆畢逼
ひっさ	挈
ひつ	泌匹必筆篳蹕匱弼櫃謐
ひつぎぐるま	轜
ひつじ	羊未
ひつじさる	坤
ひで	英秀茂偉栄康豪榮
ひでり	旱
ひと	一人等独獨史士仁弌斉鈞齊
ひとえ	襌褝単單
ひとつ	弌一
ひとみ	瞳
ひとや	圄圉
ひとり	独孑獨
ひとりもの	煢
ひな	雛
ひね	拈
ひの	桧檜
ひのえ	丙
ひのき	桧檜
ひのくち	閘
ひのし	熨
ひひ	狒
ひび	響響皴皸皹
ひびき	韵響
ひぼ	誹
ひま	暇遑釁閑隙
ひめ	姫媛
ひも	紐
ひもと	繙
ひもの	鱶
ひもろぎ	胙膰
ひゃく	百佰岶擘檗蘗薜襞躄霹
ひゃっ	百
ひゃん	香
ひや	冷
ひゅう	彪
ひょう	拍俵標氷漂票表評兵彪冰凭嫖慓殍飃飆驃鰾豹娉并怦憑枋枹泙澎炳皰磅秉迸髱麭秤瓢平剽雹飄馮
ひょうしぎ	柝
ひょく	愎皀
ひよどり	鵯
ひら	平開枚衡拆擺攤豁
ひらめ	鮃
ひる	昼晝蒜蛭
ひるがえ	翻飜翩飃
ひれ	鰭
ひろ	広拾廣寛啓宏弘浩紘仁尋泰大博彦祐裕洋汪碵胖寬英遠央官敬玄公晃周宗十恕祥聖拓典展之弥蓉陽丕敞瀚煕熈濶熙
ひろあ	浩
ひろい	拾
ひろひ	遠
ひわ	鶸
ひん	品浜貧賓頻濱賓頻斌梹檳秉禀繽蘋顰鬢瀕牝擯殯
び	備尾微眉美鼻嵋弭濔糜縻麋火孫日比毘琵媚殍狒痞糒紕貔豼鞁鞴靡魚妃披斐碑肥樋枇桧傍陽寐檜瀰
びい	贔
びう	為爲
びかえ	控
びかり	光
びき	引曳愎曵弾挽疋彈
びこ	彦
びさし	庇
びし	菱
びしお	醤醬
びた	鐚
びたい	額
びっ	備
びつ	樒櫁櫃
びと	人
びな	雛
びゃく	白佰擘甓百闢
びゃっ	白
びゅう	繆謬
びょう	猫描病秒苗平鞄杪渺皰眇緲藐拍凭匏屏弸殍泙苹蚫靤飃驃鮃鰾屛瓢廟錨鋲兵
びら	平
びる	蒜
びれ	鰭
びろ	広廣
びん	貧敏瓶便敏甁岷旻梹檳泯緡罠鬢秤備壜罎蘋顰賓愍憫紊閔
ぴ	日否扉比皮秘費祕卑妃庇碑肥被非飛樋毘臂鄙
ぴき	匹
ぴこ	彦
ぴつ	泌筆
ぴゃく	百
ぴょう	氷票表評憑拍標瓢平
ぴょん	平
ぴら	平
ぴる	昼晝
ぴん	品嬪稟萍
ふ	不付夫婦富布府怖扶敷普浮父符腐膚譜負賦赴阜附風歩訃步更降拭殖触振吹増踏伏噴老觸增仆俛咐坿孚拊枹柎殍畉脯艀苻蜉賻趺郛釡鳧鳬麸黼生埠芙雰文俯孵殕烽痞舖逋餔鯆麩蒲深船二斑冨斧部福輔俘偃傅巫桴溥腑觝蹂蹈躔躡
ふぃ	菲
ふぃーと	呎
ふい	吹
ふいご	鞴
ふう	夫富封風枹痞罘艀蜉泛烽瘋楓諷
ふぇい	菲
ふえ	笛簫籥鰾
ふか	深鱶泓
ふき	吹𧘱袘苳葺蕗
ふく	伏副復幅服福腹複覆福含膨愎箙茯蔔蝠蝮輹鞴鰒吹匐袱輻馥
ふくろ	袋
ふぐ	鰒
ふけ	吹酖
ふげ	鳳
ふご	畚
ふさ	房塞欝総堙壅總閼阨
ふし	節節伏樶椹
ふじ	藤籘二
ふす	熏
ふすま	麸
ふせ	防臥伏扞捍
ふた	蓋双二雙弍盖葢両兩貮
ふたお	蓋
ふたた	再弍
ふだ	札槧
ふち	縁緣淵潯祿渕
ふっ	復福腹払沸拂富風伏副覆弗
ふつ	払沸拂彿怫髴黻仏佛
ふで	筆
ふと	太
ふところ	懐懷
ふな	舟船舩
ふにゅ	舟
ふね	舟船舸艘舩
ふまき	帙
ふみ	文史典踏邦册郁詞章
ふむと	梺
ふもと	麓梺
ふゆ	冬
ふらん	鞦
ふり	振降
ふる	古震奮降振篩顫
ふれ	触觸
ふん	分噴墳憤奮粉紛雰焚糞份吩枌扮芬氛濆賁吻刎忿
ふんどし	襠褌
ふー	胡
ぶ	不侮武舞部分歩奉無侮步葡嘸廡錻鵐鶩生布府父負風咐坿抔枹畉篷罘脯艀苻蜉賻釡鞴鳧鳬夫婦普浮賦附撫蕪仏穂峰峯佛憮穗誣麩
ぶう	封
ぶえ	笛
ぶか	深
ぶき	吹葺噴
ぶく	伏箙茯鞴鰒福
ぶくろ	袋
ぶさ	房
ぶし	節伏
ぶす	毒
ぶすき	宿
ぶすま	衾
ぶせ	臥伏
ぶせり	伏
ぶた	豚蓋二
ぶち	縁淵渕駮緣
ぶっ	仏物佛
ぶつ	仏物佛忽
ぶと	太蚋
ぶところ	懐懷
ぶどう	萄
ぶな	橅椈桕
ぶね	舟船槽
ぶまさ	昌
ぶみ	文
ぶゆ	蚋
ぶよ	蚋
ぶり	鰤振風
ぶりき	錻
ぶん	分文聞汾馼枌氛濆賁
ぷ	釜付婦布府父符譜賦否夫富斧腐膚附鮒峰腑麩
ぷう	封風
ぷく	伏復幅服腹福複覆
ぷん	粉吻憤奮糞紛
へ	経減經兵辺怕擺湃笆袙邊戸平閉屁舳
へい	病丙併兵塀幣平弊柄並蔽閉陛餅竝餠倂塀俾娉嬖幤并敝枋泙炳睥秉篦苹蓖薜袂閇髀鮃聘瓶屏斃屛甁
へき	壁癖璧擘甓襞躄霹碧僻又劈辟
へぎ	枌
へくとぐらむ	瓸
へくとめーとる	粨
へくとりっとる	竡
へさき	艫舮
へた	蒂蔕
へだ	隔
へち	暼
へつ	暼
へつら	諂
へび	蛇它
へら	篦
へり	縁緣
へん	偏変片編辺返遍變邊辧卞汳翩胼蝙褊諚諞騙篇扁貶鈑邉
べ	辺邊戸倍瓶部兵米幤敝耙裴邉甁頭弁辯
べい	米袂平餅塀
べき	幎汨羃覓壁冪
べち	淵
べっ	別戸瞥蔑鼈
べつ	別蔑襪韈瞥
べに	紅朱
べの	倍
べら	平
べん	便勉弁俛娩鞭偏辨瓣辯辦勉冕抃泯湎緜麪辧卞汳胼諞謾眄辮駢
ぺ	北
ぺい	病併兵平蔽閉北倂餅
ぺき	壁癖碧璧
ぺん	平変片編辺變邊篇遍
ほ	火帆保舗捕歩補穂哺穗步干掘彫褒欲襃葡咐寳畆脯舖菠逋鞴餔鯆黼布法苹葆褓浦蒲湖胡侯秀武鋪圃甫輔呆宝峰豊匍埔堡寶豐鎬鐫雕頌
ほい	焙
ほう	封倣俸包報奉宝峰崩抱放方法泡砲縫胞芳蜂褒訪豊邦飽寶襃豐鞄匏垉堋寳弸彷怦抔枋枹殕泛泙滂澎烽琺瘋皰磅篷膀萠葆蚌蚫褓迸靤髣髱魴麭呆庖蓬鳳防北咆疱罔舫喰胡祝棚判捧朋萌鋒鵬傍房朴幇彭抛硼繃鉋鮑
ほうき	帚彗菷箒
ほうの	朴
ほうむ	葬
ほお	頰頬
ほか	外他
ほが	朗朗朖
ほき	洞
ほぎ	祝
ほく	北仆樸殕濮蔔蹼璞駮
ほくそ	樮
ほくろ	痣黶
ほこ	矛誇戛戞桙槊釶架鉾
ほころ	綻
ほご	夸
ほし	星干乾
ほしい	糒
ほしいい	糒
ほしいまま	亶
ほじし	脯膊
ほず	穂穗
ほそ	細
ほた	榾
ほたる	蛍螢
ほたるが	蛍螢
ほち	彿髴黻
ほっ	法欲発北堀發星払拂
ほつ	発發孛悖
ほづ	秀
ほとぎ	甌罌
ほとけ	仏佛
ほとばし	迸
ほとり	濆陲
ほど	程觧
ほどこ	施
ほね	骨
ほのお	炎
ほばしら	檣艢
ほぼ	畧粗
ほま	誉譽
ほら	洞
ほらが	洞
ほり	堀隍掘濠彫
ほろ	滅幌袰泯
ほろぼ	殱
ほん	反奔本翻飜濆犇畚笨賁香悗旙汳泛繙叛誉譽
ぼ	募墓慕暮母簿模媽糢謨牡保菩応圃歩穂戊褒鳳帽姆應拇穗襃步
ぼう	乏亡傍剖坊妨帽忘忙房暴望某棒冒紡肪膨謀貌貿防妄儚夘梦尨惘懋旄曚桙楙檬氓滂濛瑁甍畆皃矇罔冐艨茆萠蚌蠎蟒袤髦魍鴾保抱方法胞訪堋彷榜膀謗魴茅包呆奉宝峰吠頬厖寶旁眸芒茫蒡鋩頰
ぼうき	箒
ぼうの	坊
ぼえ	吠
ぼか	暈
ぼく	僕墨撲朴牧睦木目墨樸樢濮璞繆冐苜蹼鶩北仆殕蔔卜穆
ぼこ	鉾凹
ぼこり	埃
ぼし	干星
ぼそ	細
ぼたん	鈕釦
ぼち	孛怫悖罸
ぼっ	坊勃没墨牧渤
ぼつ	勃没孛沒悖歿
ぼとけ	仏佛
ぼね	骨
ぼまい	舞
ぼら	鯔鰡洞
ぼり	彫堀濠
ぼれ	耄
ぼろ	襤幌
ぼん	煩凡盆悗捫本梵樊燔笵笨膰鐇鷭犯
ぽ	保舗歩步畝婆甫補穂宝哺寶穗
ぽう	保俸包報宝峰放方法泡烹砲邦寶封奉胞豊鋒鳳炮豐
ぽく	北袱
ぽろ	幌
ぽん	椪先本奔
ぽんど	听磅
ま	間真馬摩磨魔麻目眞巻曲交混増待負舞卷增嘛痲蟆丸松美万満麗滿茉莉萬愛雅熊黒士畳慎正孫幡又未俟愼疊糅襍黑
まい	舞米埋妹昧枚毎每参參牧瑁眛莓袂邁霾売迷賣
まいくろめーとる	粆
まいくろりっとる	竗
まいる	哩
まえ	前
まか	任
まかな	賄
まが	曲勾禍
まがき	樊籬
まがり	鈎曲
まき	巻牧卷蒔槙槇撒填塡
まきの	牧
まぎ	紛
まく	幕膜皃藐
まくら	枕
まくらの	枕
まぐさ	蒭
まぐろ	鮪
まげ	髷
まげもの	椦
まこ	誠
まこと	誠忱恂愨寔
まご	孫
まごころ	悃
まさ	正勝愈雅匡公将昌真政誠直芳優理和將橸允栄祇賢元宗充順晶慎仁征聖斉善泰柾明祐倭愼榮眞齊
まさかり	戉鉞
まし	益増增猿况
まじ	交襍
まじな	咒
まじない	咒
ます	升益舛増桝增賢政鱒祐枡
まず	貧
また	股又俣椏胯岐全亦
またた	瞬
まだら	駮斑班
まだらうし	犖
まち	街町待襠陌靺都
まっ	真抹末眞茨松摩
まった	全
まつ	松抹末祭雅枩枌竢靺黒沫秣纒茉黑
まつげ	睫
まつも	黒黑
まつり	祭
まつりごと	政
まて	蟶
まで	迄
まと	的本纒
まとう	綢
まど	窓惑窗円圓
まどの	円圓
まな	学學愛眞真俎斈
まないた	爼
まなこ	眼
まなびや	庠
まぬか	免免
まね	招
まの	馬
まば	踈
まぶた	瞼
まぼろし	幻
まま	圸墹壗継飯侭儘繼
まみ	猯狸覲逅遘
まむし	蝮
まめ	豆荳菽
まも	守
まもり	守
まや	厩
まゆ	眉繭誠
まよ	迷
まよい	迷
まり	丸鞠宣余毬餘
まる	丸円圓圜摶
まれ	罕希
まろ	麿
まわ	回周囘
まわし	廻
まわり	廻
まを	緒緖
まん	万慢満漫滿萬卍縵幡蔓曼悗謾蹣鏝饅鰻真馬敏茂幔懣眞瞞鬘
まんじ	卍
まー	麻
み	未観己三実身美味眉魅實見診満滿海現御深壬水巳蜜務弥嵋弭濔糜縻觀麋位芥幹鏡光子視爾耳珠充臣瑞聖績泉都妃微箕民薬已彌惠漿睥睹瞿瞻矚藥覩
みうり	賣
みえ	恵惠
みか	甕
みかづき	朏
みが	磨
みがき	磨
みき	幹樹
みぎ	右
みぎり	砌
みくじ	籤
みこ	覡
みことのり	詔
みごも	姙
みさ	操
みさお	操
みさき	岬岫
みさご	鶚
みささぎ	陵
みじ	惨慘
みじか	短
みす	簾
みず	水瑞
みずうみ	湖
みずか	自
みずかき	蹼
みずたで	薔
みずたまり	瀦
みずもり	凖
みずら	髻鬟
みせ	店廛
みそぎ	禊
みそっぱ	齔
みそなわ	臠
みぞ	溝洫
みぞれ	霙
みだ	淫乱亂婬溷紜
みだり	叨
みだれ	乱亂
みち	道信通路廸徃樒櫁甼衢逕陌隧紀径充達暢典満弥裕庸理陸倫徑滿迪
みちび	導廸
みっ	三密
みつ	密蜜貢光三充満樒櫁滿允盈晃実臣水暢實肆
みつぎ	貢
みづ	瑞
みと	認
みとめ	認
みどり	緑綠翆翠
みな	皆水僉南
みなぎ	漲
みなと	港湊
みなみ	南
みなもと	源
みなもとの	源
みにく	醜
みね	峰峯嶺岫崟嶂岑
みの	実實箕簔耳蓑簑
みのり	稔
みのる	穰
みみ	耳
みみず	蚓蚯
みみだま	珥
みめよ	娥
みゃく	脈幎汨獏羃脉袙覓貉貊貘陌
みや	宮
みやこ	都都亰
みやこの	都
みやび	嫺嫻
みゅう	繆
みゆき	幸
みょう	妙冥名命明苗夘暝杪榠氓渺溟甍皃眇緲茆茗萠藐螟酩猫
みり	粍
みりぐらむ	瓱
みりめーとる	粍
みりりっとる	竓
みわ	神
みん	民眠明岷旻泯緡罠三水
む	武謀務夢無矛霧六群向蒸虫浮牟嘸梦廡懋曚桙楙檬濛畆矇艨蟲袤鴾鵐鶩院珠撫望睦鵡噎烝羣
むい	六
むか	迎向
むかい	向
むかえ	迎
むかえる	這
むかし	昔
むき	向
むぎ	麦麥
むぎこ	麪
むく	報向椋讎
むくいぬ	尨
むくげ	槿毳葮蕣
むくの	椋
むぐら	葎
むけ	向
むこ	婿壻聟
むこう	向
むさぼ	貪婪餮饕
むし	虫蟲蒸毟
むしあつ	溽
むしば	齲
むしろ	莚蓆筵
むじ	芝
むじな	狢貉狸
むす	結
むすび	結
むすめ	娘
むずか	難難
むせ	哽噎饐
むだ	徒
むち	笞
むちう	捶
むっ	六
むつ	睦六
むつき	繦褓襁
むつゆび	跂
むな	胸棟宗昿
むね	胸旨棟宗義
むひょん	賢
むよん	蓮
むら	群村羣叢邑簇邨
むらさき	紫
むりだけ	嶽
むれ	羣
むろ	室榁
め	芽雌女目召莓米嘛瑪痲碼蟆霾眼妻瞳馬梅姫布明銘牝滅免
めあわ	娶
めい	冥名命明盟迷銘鳴暝榠溟螟酩瞑梅茗
めいの	姪
めおと	娚
めき	笑
めくら	瞎盲
めぐ	恵巡惠芽圜徼恤遶
めぐむ	萠
めぐり	廻
めし	飯召瞽矇
めじり	眥眦
めす	雌
めずら	珍竒瑰
めっ	滅
めつ	滅
めと	娶
めどぎ	筴蓍
めばえ	萠
めばる	鮴
めまい	暈
めん	免綿面麺免麵粫明俛冕泯湎緜縵麪妻雌棉緬
も	喪藻模茂持若守盛燃漏最真宙美文母面毛門媽懋楙畆眞糢袤謨右雲裳馬百望妹摸儻麼揉萠
もい	萌門
もう	亡望妄毛猛盲網耗詣申設儲曚檬氓濛甍矇艨萠蒙儚尨惘旄瑁冐蠎蟒髦魍孟朦莽
もうし	申
もうで	詣
もえ	萌燃
もく	木黙目默牧樢繆冐鶩杢沐
もぐ	潜潛濳
もぐさ	艾
もじ	綟
もすそ	裙
もず	鴃鵙
もた	凭擡抬齎靠
もたい	瓮罌
もち	餅餠用持望勿沒襪韈茂黐
もちあわ	朮
もちごめ	糯
もっ	木牧没黙目勿默
もっけ	牧
もっこ	畚簣
もっと	最
もっぱ	専專
もつ	物沒没縺
もて	茂
もてあそ	弄
もと	下基元本求亙資夲幹許源玄宗誠素智很悖愎狠覓
もとい	基
もとどり	髻
もど	戻戾
もどし	戻戾
もどり	戻
もぬ	蛻
もの	者物者桃茂
ものう	嬾慵
もみ	籾樅
もむ	蟐
もも	桃百髀股腿
もや	霏靄
もよお	催
もよおし	催
もら	貰
もり	森守盛銛敬護杜茂
もろ	諸師室両兩萬
もろみ	醪
もろもろ	烝
もん	文聞問紋門悶們卍捫馼衛衞
もんめ	匁
や	屋家八冶夜野弥矢彌辞焼痩病燒辭瘦呀揶鵺哉谷也爺耶歟綾悦雅岩魚爾舎邪箭亭日薬柳陽養弭椰煬燔燬疚瘠藥輟
やあど	碼
やある	碼
やい	焼燒柳
やいば	刄
やお	八
やかた	館
やが	軅
やがて	軈
やき	焼燒咲
やぎ	柳焼燒
やぎゅ	柳
やく	疫益厄役約薬訳躍藥譯籥葯鑰奕懌蜴蝪阨鯣扼軛
やくしょ	廨廰
やぐら	櫓
やけ	焼宅燒
やさ	易優
やしき	廛
やしな	養豢
やしろ	社社
やじ	雅
やす	安休恭康泰保靖裕和易育嘉妥徳寧輔庸綏雍德
やすみ	休
やすり	鑢
やすん	息
やず	和
やせ	憔
やち	萢
やっ	八厄約薬藥躍
やっこ	奴
やつ	八奴悴忰憔窶
やと	雇
やとい	雇
やど	宿舍
やどり	宿
やな	柳柵棚梁簗
やない	柳
やなぎ	柳
やに	脂谷
やぶ	破敗籔薮敝藪
やま	山岾日疚
やまい	病
やまいぬ	犲
やまぐわ	柘
やまず	斗
やまと	倭
やまのかたち	嶐
やみ	闇
やむ	飲
やもお	鰥
やもめ	孀鰥
やや	稍
やり	遣槍鎗鑓
やわ	柔軟和廱
やわら	燮
やん	賢壌陽壤
やんす	樹
やんほ	鎬
やーど	碼
やーる	碼
ゆ	湯愉油癒諭輸由遊喩結行逝揺搖愈兪揄渝瘉腴萸蝓覦踰逾唯優友悠有柚祐裕夕壅廱慂攸犹莠蕕蚰蛹蝣踴釉宇温弓幸弘佑勇憂涌徃瑜臾茹諛溫
ゆい	遺唯由結瞶維
ゆう	右優勇友幽悠憂有湧猶由裕誘遊郵雄融夕囿悒攸犹肬莠蕕蚰蝣釉黝結佑祐熔俑慂甬癰蛹踴鎔郁泣湯又尤柳宥柚涌猷邑侑游
ゆうめし	餔
ゆえ	故
ゆか	床弘
ゆが	咼
ゆがけ	夬
ゆき	雪介幸行志之由裄維紀恭敬潔元孝至順章征千透如門于侑靫
ゆく	行
ゆす	梼檮
ゆず	譲讓柚
ゆずり	譲棡讓
ゆずりは	杠
ゆた	豊豐
ゆたか	穰胖豊豐
ゆだ	委
ゆだめ	檠
ゆの	湯柚
ゆはず	弭
ゆび	指
ゆみ	弓弦
ゆめ	夢梦
ゆり	岼梨里閖
ゆる	緩許万綽萬
ゆん	弓俊
よ	四世代夜予余与誉預豫與譽餘因詠寄呼酔善読良讀醉唹歟淤畭舁蕷蜍丗依榎吉啓寿宵八百米芳輿仍凭壽搓綯縒譱臧酊酩醺靠饒
よい	宵酔良醉
よう	腰八幼妖容庸揚揺擁曜様洋溶用窯羊葉要謡踊陽養搖樣瘍謠熔佯俑壅姚廱徭怏慂慵杳昜暘曄楪殀殃泱瀁煬甬癢癰秧穃窈窰蛹踴鎔霙靨魘鴦鷂遙祥鷹傭楊蓉咏嚶塋拗楹潁漾瀛珱纓罌蠑贏郢閘耀遥沃夭榕燿瑶瓔痒膺邀瑤
ようやく	稍
よく	抑欲沃浴翌翼峪杙檍翊慾弋
よけ	除
よこ	横橫
よこぎ	軫
よこしま	咼佞侫慝
よご	汚
よし	由佳嘉喜紀儀義吉慶好克次昌祥善美芳良和悳愛芦允栄益悦賀宜誼欣啓圭恵敬賢功孔孝幸香剛斎至慈寿秀淑純順勝仁正斉宣泰男忠禎徳能睦靖礼壽惠榮齋禮譱脩葭蘆齊德
よしみ	媾
よしも	謙
よせ	寄
よそお	装裝妝
よっ	四欲浴
よつ	四
よつぎ	胄
よど	淀
よな	米
よね	米
よねど	粐
よば	呼
よび	呼
よぶ	呼
よみ	読讀詠
よめ	嫁娵
よもぎ	艾蒿蕭蓬
よゆ	洋
より	寄頼賴依委因賀拠順米緑和據綠
よる	夜
よろ	寄
よろい	鎧
よろこ	喜僖忻憙懌懽熈驩
よろず	万萬
よわ	弱孱羸
よん	四英
よんすう	秀
ら	羅裸拉瘰蘿蠡鑼楽等良樂浦十彰晶税倉螺蘭浪篭籠薇邏騾
らい	来頼雷礼來禮賴儡櫑瘰罍蕾藾賚莱唳犂犁癘綟藜蠡醴隸驪鱧萊徠癩磊籟
らく	楽絡落酪樂咯犖珞駱洛擽烙畧格
らち	糲埒埓
らっ	楽落樂喇辣
らっきょ	辣
らっきょう	薤
らつ	辣溂糲剌埒埓
らの	蔵藏
らら	晶
らん	乱卵欄濫藍覧亂覽欄儖婪嬾欖繿臉襤鑾闌蘭欒瀾爛鸞嵐巒懶攬籃纜襴
らー	辣
り	利吏履理璃痢裏里離浬哩俐犂犁莅蜊蠡貍釐驪梨罹漓莉寄降取垂切乃伐美李裡林鈴俚悧詈
りぃ	里
りき	力篥
りく	陸勠淕戮六
りご	篭籠
りそ	磯
りち	律篥
りっ	栗立陸律六
りっとる	立
りつ	律率立慄篥栗葎
りほ	庵
りゃお	遼
りゃく	略擽畧櫪癧轣靂掠暦曆
りゃっ	略
りゅう	柳立流留硫粒隆竜龍隆嚠嶐摎澑瀏璢畄窿繆苙鉚鏐霤餾鰡劉琉毓隴笠滝瀧溜旒榴瘤
りょ	侶慮旅虜虜廬櫚臚鑢閭呂膂
りょう	漁了僚両寮料涼猟療瞭糧良量陵領霊兩獵靈喨崢崚廖暸粱粮蔆薐裲踉鍄隴鬣魎鷯竜龍亮凌梁稜遼囹櫺繚羚聆蛉輛輌鴒綾永菱椋諒令嶺玲倆凉寥撩楞燎聊鐐
りょく	力緑綠
りん	倫厘林臨輪隣鈴侖廩懍棆痳禀菻薐躪鄰凜鱗麟凛釐珠梨淋燐琳吝悋淪稟綸醂霖
りんしょ	吝
りー	里
る	流留瑠屡僂褸鏤哢嚠嶐廬摎滷澑瀏瀘璢畄窶窿簍繆艫舮蘢輅轤鉚鑪鈩霤顱餾髏鰡鱸昼路盧縷
るい	塁涙累類壘淚類瘰縲羸誄
るう	槞
るつぼ	堝
るり	璢
るを	雄郎郞
れ	玲礼禮糲余令連餘
れい	戻令例冷励礼鈴隷零霊麗齢勵禮靈齡戾唳囹櫺犂犁癘糲綟羚聆藜蛉蠡醴隸驪鱧鴒玲黎伶嶺怜苓儷澪茘
れき	暦歴曆歷櫪癧轣靂瀝礫轢
れち	洌
れっ	列劣烈裂
れつ	列劣烈裂洌唳律冽
れん	廉恋練連錬戀練鍊漣匳嗹奩楝櫺歛濂瀲縺聨臉臠鏈鰊憐煉簾聯蓮攣斂輦
れんじ	櫺
ろ	呂炉賂路露爐滷瀘艫舮輅轤鑪鈩顱髏鱸幌浪郎論廬櫚濾臚鑢閭沪郞芦楽鷺二侶魯櫓婁朗篭老蝋禄枦梠樂盧籠絽艪蘆閇驢鹵蠟
ろう	糧露労廊弄朗楼浪漏老郎勞樓籠郞朗廊榔僂咾哢朖柆槞潦琅瑯癆窶簍莨薐蘢螂褸踉醪鏤鑞隴髏牢篭蝋喨粱粮裲魎蠟桜龍良狼聾壟撈朧櫻瓏瘻臘臈陋鵞
ろく	緑六麓録綠錄仂朸祿轆禄勠淕鹿陸肋碌勒
ろっ	六緑肋
ろひこ	州
ろみ	鏡
ろん	論崘龍乱亂崙
わ	我輪和話割沸分湧詑哇萵羽波琶盤訪啝夥鐶環慧沢匂杷破葉倭鷲辧夬洶滕澤
わい	賄哩淮薈哀隈猥愛慧涌歪匯矮
わお	乢
わか	若別稚嫩觧
わかし	沸
わかじに	殀
わが	我吾綰
わき	脇刀湧腋
わきぎ	輒輙
わきの	脇
わきま	辧
わぎ	吾脇
わく	惑枠或蠖涌濆瓠飽湧
わけ	訳譯分脇
わげ	鬟
わこ	若
わさ	稙
わざ	技業
わざおぎ	倡
わざわ	災
わざわい	殃
わし	鷲儂雕
わしの	鷺
わす	忘
わず	僅
わずか	纔
わずら	患煩
わせ	鷲
わた	綿渡亙幡絖緜亘
わたくし	私
わたし	私渡
わたな	渡
わたの	渡
わたら	度
わたり	渡
わだ	皮
わちが	輪
わっ	割輪和
わっか	稚
わな	罠羂
わに	鰐
わの	倭
わび	詫侘
わら	笑原稈稾穰春藁听哂嗤
わらじ	鞋
わらの	原
わらび	蕨
わらべ	童僮
わり	割張破
わりふ	劵
わる	悪惡慝
わるがしこ	猾黠
われ	我吾
わん	湾腕灣綰蜿鋺碗雲王椀彎弯
